citation_key,year,title,authors,venue,work_type,doi,openalex_id,abstract,official_url,team_scope,team_evidence,affiliations,cited_by_count,source_verified,source_verification,screening_status,screening_reason,pdf,download_status,download_source,sha256,pages,analysis_status,cross_team_duplicate_of
domain-knowledge-driven-semantic-communication-for-image-transmission-over-wireless-channels-2022,2022,Domain Knowledge Driven Semantic Communication for Image Transmission Over Wireless Channels,Aini Li; Xiaohong Liu; Guangyu Wang; Ping Zhang,IEEE Wireless Communications Letters,article,10.1109/lwc.2022.3216994,https://openalex.org/W4312978359,"Recent progress in semantic communication has shown potential in improving transmission efficiency by the removal of signal-level redundancies. However, existing semantic communication systems fail to consider the high-level conceptual semantics embedded in the source, which is critical for human perception especially in certain domains. This letter proposes a novel domain knowledge driven semantic communication (DKSC) system, which is a dual-path framework with semantic extraction and reconstruction at both information and concept levels. Specifically, the dual-path semantic encoder and decoder are jointly designed and optimized in the end-to-end wireless communication system based on deep neural networks. To illustrate the performance of DKSC system, we execute image transmission task over wireless channels in medical domain as an example, and the impacts of various channel models and compression ratios are investigated. Experimental results demonstrate that with the integration of domain knowledge semantics, the proposed DKSC system outperforms other baseline schemes in terms of image restoration metrics with robustness against channel variations.",https://doi.org/10.1109/lwc.2022.3216994,direct,指定团队负责人直接署名：Ping Zhang,Peng Cheng Laboratory; Tsinghua University; Beijing University of Posts and Telecommunications,30,True,OpenAlex metadata; DOI verified in acquisition/validation stage,included,正式同行评审技术研究论文，主题与团队归属均满足,papers/2022_Li_Domain_Knowledge_Driven_Semantic_Communication_for_Image_Transmission_Over_Wireless_Channe.pdf,downloaded,reused local corpus: kai-niu-semantic-communications\papers\Domain_Knowledge_Driven_Semantic_Communication_for_Image_Transmission_Over_Wireless_Channels.pdf,4a3d9154a9d3611ebb21dc8f03103536cbc3e1665fea8a01016c5d64db2d1674,5,fulltext_evidence_extracted,
nonlinear-transform-source-channel-coding-for-semantic-communications-2022,2022,Nonlinear Transform Source-Channel Coding for Semantic Communications,Jincheng Dai; Sixian Wang; Kailin Tan; Zhongwei Si; Xiaoqi Qin; Kai Niu; Ping Zhang,IEEE Journal on Selected Areas in Communications,article,10.1109/jsac.2022.3180802,https://openalex.org/W4226042246,"In this paper, we propose a class of high-efficiency deep joint source-channel coding methods that can closely adapt to the source distribution under the nonlinear transform, it can be collected under the name nonlinear transform source-channel coding (NTSCC). In the considered model, the transmitter first learns a nonlinear analysis transform to map the source data into latent space, then transmits the latent representation to the receiver via deep joint source-channel coding. Our model incorporates the nonlinear transform as a strong prior to effectively extract the source semantic features and provide side information for source-channel coding. Unlike existing conventional deep joint source-channel coding methods, the proposed NTSCC essentially learns both the source latent representation and an entropy model as the prior on the latent representation. Accordingly, novel adaptive rate transmission and hyperprior-aided codec refinement mechanisms are developed to upgrade deep joint source-channel coding. The whole system design is formulated as an optimization problem whose goal is to minimize the end-to-end transmission rate-distortion performance under established perceptual quality metrics. Across test image sources with various resolutions, we find that the proposed NTSCC transmission method generally outperforms both the analog transmission using the standard deep joint source-channel coding and the classical separation-based digital transmission. Notably, the proposed NTSCC method can potentially support future semantic communications due to its content-aware ability and perceptual optimization goal.",https://doi.org/10.1109/jsac.2022.3180802,direct,"指定团队负责人直接署名：Kai Niu, Ping Zhang",Beijing University of Posts and Telecommunications; Peng Cheng Laboratory,303,True,OpenAlex metadata; DOI verified in acquisition/validation stage,included,正式同行评审技术研究论文，主题与团队归属均满足,papers/2022_Dai_Nonlinear_Transform_Source_Channel_Coding_for_Semantic_Communications.pdf,downloaded,reused local corpus: controllable-semantic-communications\papers\2022_Dai_NTSCC_Semantic_Communications.pdf,694d6fbcacf84d8cd10fdce0d4d19812f85a590b08e1cca64c111edeaa114ea6,16,fulltext_evidence_extracted,
perceptual-learned-source-channel-coding-for-high-fidelity-image-semantic-transmission-2022,2022,Perceptual Learned Source-Channel Coding for High-Fidelity Image Semantic Transmission,Jun Wang; Sixian Wang; Jincheng Dai; Zhongwei Si; Dekun Zhou; Kai Niu,GLOBECOM 2022 - 2022 IEEE Global Communications Conference,article,10.1109/globecom48099.2022.10001359,https://openalex.org/W4315629655,"As one novel approach to realize end-to-end wireless image semantic transmission, deep learning-based joint source-channel coding (deep JSCC) method is emerging in both deep learning and communication communities. However, current deep JSCC image transmission systems are typically optimized for traditional distortion metrics such as peak signal-to-noise ratio (PSNR) or multi-scale structural similarity (MS-SSIM). But for low transmission rates, due to the imperfect wireless channel, these distortion metrics lose significance as they favor pixel-wise preservation. To account for human visual perception in semantic communications, it is of great importance to develop new deep JSCC systems optimized beyond traditional PSNR and MS-SSIM metrics. In this paper, we introduce adversarial losses to optimize deep JSCC, which tends to preserve global semantic information and local texture. Our new deep JSCC architecture combines encoder, wireless channel, decoder/generator, and discriminator, which are jointly learned under both perceptual and adversarial losses. Our method yields human visually much more pleasing results than state-of-the-art engineered image coded transmission systems and traditional deep JSCC systems. A user study confirms that achieving perceptually similar end-to-end image transmission quality, the proposed method can save about 50% wireless channel bandwidth costs.",https://doi.org/10.1109/globecom48099.2022.10001359,direct,指定团队负责人直接署名：Kai Niu,Beijing University of Posts and Telecommunications; State Grid Hebei Electric Power Company; Peng Cheng Laboratory,37,True,OpenAlex metadata; DOI verified in acquisition/validation stage,included,正式同行评审技术研究论文，主题与团队归属均满足,papers/2022_Wang_Perceptual_Learned_Source_Channel_Coding_for_High_Fidelity_Image_Semantic_Transmission.pdf,downloaded,https://arxiv.org/pdf/2205.13120,a8e150014cab8ec2de040135a1527593a75f0b0f09fbd061a2c08a95106a1ebe,6,fulltext_evidence_extracted,
resolution-adaptive-source-channel-coding-for-end-to-end-wireless-image-transmission-2022,2022,Resolution-Adaptive Source-Channel Coding for End-to-End Wireless Image Transmission,Ke Yang; Sixian Wang; Kailin Tan; Jincheng Dai; Dekun Zhou; Kai Niu,GLOBECOM 2022 - 2022 IEEE Global Communications Conference,article,10.1109/globecom48099.2022.10001465,https://openalex.org/W4315629881,"The recent deep learning-based joint source-channel coding (deep JSCC) framework has shown superior performance on end-to-end wireless image transmission without suffering from the “cliff effect”. However, a fundamental limit of current deep JSCC schemes is that the unbalanced regional importance of the source image has not been explicitly taken into account. It evenly distributes the coding rate to every image patch leading to an evident degradation of the overall coding efficiency. To break this fundamental limit, we propose a novel end-to-end wireless image transmission scheme in this paper. Our scheme integrates the deep JSCC architecture and the quadtree-structured regional rate allocation strategy adopted in the HEVC standard, collected under the name “resolution-adaptive deep JSCC (RaDJSCC)”. Our new architecture perceives the content of the transmitted image and adaptively allocates more channel bandwidth to the complex pixel blocks. Results show that for high-resolution images, the proposed RaDJSCC transmission method generally outperforms the emerging analog transmission schemes using deep JSCC and the digital transmission schemes using classical separated source and channel coding, e.g., BPG + LDPC.",https://doi.org/10.1109/globecom48099.2022.10001465,direct,指定团队负责人直接署名：Kai Niu,Beijing University of Posts and Telecommunications; State Grid Hebei Electric Power Company; Peng Cheng Laboratory,2,True,OpenAlex metadata; DOI verified in acquisition/validation stage,included,正式同行评审技术研究论文，主题与团队归属均满足,papers/2022_Yang_Resolution_Adaptive_Source_Channel_Coding_for_End_to_End_Wireless_Image_Transmission.pdf,downloaded,reused local corpus: kai-niu-semantic-communications\papers\Resolution-Adaptive_Source-Channel_Coding_for_End-to-End_Wireless_Image_Transmission.pdf,57758bc9e29b527cd9fadfdbb2e61b66ae81764e281c19867ca08d90968f2f3a,6,fulltext_evidence_extracted,
semantic-coding-for-text-transmission-an-iterative-design-2022,2022,Semantic Coding for Text Transmission: An Iterative Design,Shengshi Yao; Kai Niu; Sixian Wang; Jincheng Dai,IEEE Transactions on Cognitive Communications and Networking,article,10.1109/tccn.2022.3192407,https://openalex.org/W4286374862,"We consider the wireless text transmission using joint source-channel coding (JSCC). Classical source coding only considers the syntactic information based on probabilistic models, ignoring the meaning of source messages. Neural network based joint source and channel coders handle the source semantic information more efficiently. However, existing semantic transmission using end-to-end neural networks do not generalize well under varying channel conditions. To tackle this, we propose a semi-neural framework with an iterative architecture, named iterative semantic JSCC (IS-JSCC). Specifically, at each iteration, the remaining semantics is extracted from the intermediate decoded text and is then used as a priori information for the channel decoder in the next iteration. Instead of reconstructing text explicitly, we synthesize the semantics of candidate words in the embedding space, weighted by their posterior probability. This soft semantic synthesis alleviates the error propagation and reduces the complexity of iterative decoding as well. Results show that compared to full-neural designs, the proposed framework can improve the quality of text reconstruction by joint iterative decoding and exhibit better robustness over wireless channels.",https://doi.org/10.1109/tccn.2022.3192407,direct,指定团队负责人直接署名：Kai Niu,Beijing University of Posts and Telecommunications; Peng Cheng Laboratory,42,True,OpenAlex metadata; DOI verified in acquisition/validation stage,included,正式同行评审技术研究论文，主题与团队归属均满足,papers/2022_Yao_Semantic_Coding_for_Text_Transmission_An_Iterative_Design.pdf,downloaded,reused local corpus: kai-niu-semantic-communications\papers\Semantic_Coding_for_Text_Transmission_An_Iterative_Design.pdf,e2483e03b3a8a7d1c35e1b1f6c29cc77234395d07a5460ed0b6efbbf3fc58fac,10,fulltext_evidence_extracted,
semantic-communication-system-based-on-semantic-slice-models-propagation-2022,2022,Semantic Communication System Based on Semantic Slice Models Propagation,Dong Chen; Haotai Liang; Xiaodong Xu; Shujun Han; Bizhu Wang; Ping Zhang,IEEE Journal on Selected Areas in Communications,article,10.1109/jsac.2022.3221948,https://openalex.org/W4313387436,"Traditional communication systems treat messages’ semantic aspects and meaning as irrelevant to communication, revealing its limitations in the era of artificial intelligence (AI), such as communication efficiency and intent-sharing among different entities. Through broadening the scope of the traditional communication system and the AI-based encoding techniques, in this manuscript, we present a novel semantic communication system, which involves the essential semantic information exploration, transmission and recovery for more efficient communications. Compared to other state-of-the-art semantic communication-related works, our proposed semantic communication system is characterized by the “flow of the intelligence” via the propagation of the model. Besides, the concept of semantic slice-models (SeSM) is proposed to enable flexible model-resembling under the different requirements of the model performance, channel situation and transmission goals. Specifically, a layer-based semantic communication system for images (LSCI) is built on the simulation platform to demonstrate the feasibility of the proposed system and a novel semantic metric called semantic service quality (SS) is proposed to evaluate the semantic communication systems. We evaluate the proposed system on Cityscapes and Open Images datasets, resulting in averaged 10% and 2% bit rate reduction over JPEG and JPEG2000, respectively. In comparison to LDPC, the proposed channel coding scheme can averagely save 2dB and 5dB in AWGN channel and Rayleigh fading channel, respectively.",https://doi.org/10.1109/jsac.2022.3221948,direct,指定团队负责人直接署名：Ping Zhang,Beijing University of Posts and Telecommunications; Peng Cheng Laboratory,118,True,OpenAlex metadata; DOI verified in acquisition/validation stage,included,正式同行评审技术研究论文，主题与团队归属均满足,papers/2022_Chen_Semantic_Communication_System_Based_on_Semantic_Slice_Models_Propagation.pdf,downloaded,reused local corpus: kai-niu-semantic-communications\papers\Semantic_Communication_System_Based_on_Semantic_Slice_Models_Propagation.pdf,d5a50ac559cf627bff95eb37e89e13f9d0655e95600a9294b8df28fd4cbf50d2,12,fulltext_evidence_extracted,
timeliness-of-information-for-computation-intensive-status-updates-in-task-oriented-communications-2022,2022,Timeliness of Information for Computation-Intensive Status Updates in Task-Oriented Communications,Xiaoqi Qin; Yanlin Li; Xianxin Song; Nan Ma; Chuan Huang; Ping Zhang,IEEE Journal on Selected Areas in Communications,article,10.1109/jsac.2022.3229431,https://openalex.org/W4312679422,"Moving beyond just interconnected devices, the increasing interplay between communication and computation has fed the vision of real-time networked control systems. To obtain timely situational awareness, IoT devices continuously sample computation-intensive status updates, generate perception tasks and offload them to edge servers for processing. In this sense, the timeliness of information is considered as one major contextual attribute of status updates. In this paper, we derive the closed-form expressions of timeliness of information for computation offloading at both edge tier and fog tier, where two-stage tandem queues are exploited to abstract the transmission and computation process. Moreover, we exploit the statistical structure of Gauss-Markov process, which is widely adopted to model temporal dynamics of system states, and derive the closed-form expression for process-related timeliness of information. The obtained analytical formulas explicitly characterize the dependency among task generation, transmission and execution, which can serve as objective functions for system optimization. Based on the theoretical results, we formulate a computation offloading optimization problem at edge tier, where the timeliness of status updates is minimized among multiple devices by joint optimization of task generation, bandwidth allocation, and computation resource allocation. An iterative solution procedure is proposed to solve the formulated problem. Numerical results reveal the intertwined relationship among transmission and computation stages, and verify the necessity of factoring in the task generation process for computation offloading strategy design.",https://doi.org/10.1109/jsac.2022.3229431,direct,指定团队负责人直接署名：Ping Zhang,"Beijing University of Posts and Telecommunications; Chinese University of Hong Kong, Shenzhen; Peng Cheng Laboratory",23,True,OpenAlex metadata; DOI verified in acquisition/validation stage,included,正式同行评审技术研究论文，主题与团队归属均满足,papers/2022_Qin_Timeliness_of_Information_for_Computation_Intensive_Status_Updates_in_Task_Oriented_Commun.pdf,downloaded,https://arxiv.org/pdf/2209.13259,d080b9a08ae944d1daed86bd7167e2fa46438d1e9cb07e021a5bcba995dada88,15,fulltext_evidence_extracted,
wireless-deep-video-semantic-transmission-2022,2022,Wireless Deep Video Semantic Transmission,Sixian Wang; Jincheng Dai; Zijian Liang; Kai Niu; Zhongwei Si; Chao Dong; Xiaoqi Qin; Ping Zhang,IEEE Journal on Selected Areas in Communications,article,10.1109/jsac.2022.3221977,https://openalex.org/W4313350178,"In this paper, we design a new class of high-efficiency deep joint source-channel coding methods to achieve end-to-end video transmission over wireless channels. The proposed methods exploit nonlinear transform and conditional coding architecture to adaptively extract semantic features across video frames, and transmit semantic feature domain representations over wireless channels via deep joint source-channel coding. Our framework is collected under the name deep video semantic transmission (DVST). In particular, benefiting from the strong temporal prior provided by the feature domain context, the learned nonlinear transform function becomes temporally adaptive, resulting in a richer and more accurate entropy model guiding the transmission of current frame. Accordingly, a novel rate adaptive transmission mechanism is developed to customize deep joint source-channel coding for video sources. It learns to allocate the limited channel bandwidth within and among video frames to maximize the overall transmission performance. The whole DVST design is formulated as an optimization problem whose goal is to minimize the end-to-end transmission rate-distortion performance under perceptual quality metrics or machine vision task performance metrics. Across standard video source test sequences and various communication scenarios, experiments show that our DVST can generally surpass traditional wireless video coded transmission schemes. The proposed DVST framework can well support future semantic communications due to its video content-aware and machine vision task integration abilities.",https://doi.org/10.1109/jsac.2022.3221977,direct,"指定团队负责人直接署名：Kai Niu, Ping Zhang",Beijing University of Posts and Telecommunications; Peng Cheng Laboratory,213,True,OpenAlex metadata; DOI verified in acquisition/validation stage,included,正式同行评审技术研究论文，主题与团队归属均满足,papers/2022_Wang_Wireless_Deep_Video_Semantic_Transmission.pdf,downloaded,https://arxiv.org/pdf/2205.13129,3355a083166daa42e04f519c489cf7570d3dd803d5928469b583e79336eddc01,16,fulltext_evidence_extracted,
channel-transferable-semantic-communications-for-multi-user-ofdm-noma-systems-2023,2023,Channel-Transferable Semantic Communications for Multi-User OFDM-NOMA Systems,Lan Lin; Wenjun Xu; Fengyu Wang; Yimeng Zhang; Wei Zhang; Ping Zhang,IEEE Wireless Communications Letters,article,10.1109/lwc.2023.3340657,https://openalex.org/W4389459404,"Semantic communications are expected to become the core new paradigms of the sixth generation (6G) wireless networks. Most existing works implicitly utilize channel information for codecs training, which leads to poor communications when channel type or statistical characteristics change. To tackle this issue posed by various channels, a novel channel-transferable semantic communications (CT-SemCom) framework is proposed, which adapts the codecs learned on one type of channel to other types of channels. Furthermore, integrating the proposed framework and the orthogonal frequency division multiplexing systems integrating non-orthogonal multiple access technologies, i.e., OFDM-NOMA systems, a power allocation problem to realize the transfer from additive white Gaussian noise (AWGN) channels to multi-subcarrier Rayleigh fading channels is formulated. We then design a semantics-similar dual transformation (SSDT) algorithm to derive analytical solutions with low complexity. Simulation results show that the proposed CT-SemCom framework with SSDT algorithm significantly outperforms the existing work w.r.t. channel transferability, e.g., the peak signal-to-noise ratio (PSNR) of image transmission improves by 4.2 – 7.3 dB under different variances of Rayleigh fading channels.",https://doi.org/10.1109/lwc.2023.3340657,direct,指定团队负责人直接署名：Ping Zhang,Beijing University of Posts and Telecommunications; Peng Cheng Laboratory; UNSW Sydney,16,True,OpenAlex metadata; DOI verified in acquisition/validation stage,included,正式同行评审技术研究论文，主题与团队归属均满足,papers/2023_Lin_Channel_Transferable_Semantic_Communications_for_Multi_User_OFDM_NOMA_Systems.pdf,downloaded,https://arxiv.org/pdf/2312.03299,6b67ebda935b2de16dbcbed02558bc2af41c27b26cae4e1375a133b1d81dbb6a,5,fulltext_evidence_extracted,
federated-semantic-learning-driven-by-information-bottleneck-for-task-oriented-communications-2023,2023,Federated Semantic Learning Driven by Information Bottleneck for Task-Oriented Communications,Hao Wei; Wanli Ni; Wenjun Xu; Fengyu Wang; Dusit Niyato; Ping Zhang,IEEE Communications Letters,article,10.1109/lcomm.2023.3307096,https://openalex.org/W4386025732,"In this letter, we present a novel federated semantic learning (FedSem) framework to collaboratively train the semantic-channel encoders of multiple devices with the coordination of a base station-based semantic-channel decoder, which is more practical for task-oriented communications rather than performing the vanilla distributed learning merely at the user’s side. Particularly, one of the most potential tasks, i.e., constructing semantic knowledge graph (SKG), is considered due to its powerful semantic structured representation and cross-modal comprehension capacity. In this case, the proposed FedSem can make full use of the distributed data and computing resources while protecting user privacy to directly parse images into SKGs. Furthermore, the information bottleneck theory is leveraged to drive the loss design by formalizing a rate-distortion tradeoff, which eliminates the redundancies of semantic features while maintaining the task-relevant information. Compared to the baselines, simulation results demonstrate that the proposed FedSem achieves better rate-distortion performance and convergence under different number of users and channel conditions.",https://doi.org/10.1109/lcomm.2023.3307096,direct,指定团队负责人直接署名：Ping Zhang,Beijing University of Posts and Telecommunications; Tsinghua University; Peng Cheng Laboratory; Nanyang Technological University,39,True,OpenAlex metadata; DOI verified in acquisition/validation stage,included,正式同行评审技术研究论文，主题与团队归属均满足,papers/2023_Wei_Federated_Semantic_Learning_Driven_by_Information_Bottleneck_for_Task_Oriented_Communicati.pdf,downloaded,reused local corpus: kai-niu-semantic-communications\papers\Federated_Semantic_Learning_Driven_by_Information_Bottleneck_for_Task-Oriented_Communications.pdf,ff3c8389c7c58b7aab4bf9df0d8123342223f887d2be7861b7a7e429d0a6457d,5,fulltext_evidence_extracted,
fundamental-limitation-of-semantic-communications-neural-estimation-for-rate-distortion-2023,2023,Fundamental Limitation of Semantic Communications: Neural Estimation for Rate-Distortion,Dongxu Li; Jianhao Huang; Chuan Huang; Xiaoqi Qin; Han Zhang; Ping Zhang,Journal of Communications and Information Networks,article,10.23919/jcin.2023.10387242,,,https://doi.org/10.23919/jcin.2023.10387242,direct,补充数据库轮次核验：指定负责人直接署名（Ping Zhang）；Crossref/DBLP 正式 DOI 元数据。,,10,True,Crossref/DBLP late-index audit; DOI publisher record,included_late_indexed,补充数据库检索发现的正式同行评审技术论文；通过负责人直接署名、年份、DOI、主题和文献类型核验,papers/2023_Li_Fundamental_Limitation_of_Semantic_Communications_Neural_Estimation_for_Rate_Distortion.pdf,downloaded,https://arxiv.org/pdf/2401.01176,cb0f1a8a8123022a0aeff53d8b82cddfbf1e23bf3810348a334d242953ca7878,31,fulltext_evidence_extracted,
how-to-define-the-propagation-environment-semantics-and-its-application-in-scatterer-based-beam-prediction-2023,2023,How to Define the Propagation Environment Semantics and Its Application in Scatterer-Based Beam Prediction,Yutong Sun; Jianhua Zhang; Li Yu; Zhen Zhang; Ping Zhang,IEEE Wireless Communications Letters,article,10.1109/lwc.2023.3237827,https://openalex.org/W4317384990,"In view of the propagation environment directly determining the channel properties, the applications can also be solved with the aid of environmental information. Inspired by task-oriented semantic communication and machine learning (ML) powered environment-channel mapping methods, we aim to provide a new view of the environment from the semantic level. This letter defines propagation environment semantics (PES) as a limited set of propagation environment semantic symbols (PESS). The PESS is extracted, which is oriented to the application tasks with concerned channel properties as a foundation. For method validation, the PES-aided beam prediction (PESaBP) is investigated and implemented for non-line-of-sight (NLOS) scenarios. Environment features and graph representations are constructed for actions of channel quality evaluation and target scatterer detection with maximum power. It can obtain 0.92 and 0.9 precision, respectively, and save over 87% of the time cost.",https://doi.org/10.1109/lwc.2023.3237827,direct,指定团队负责人直接署名：Ping Zhang,Beijing University of Posts and Telecommunications; Peng Cheng Laboratory,17,True,OpenAlex metadata; DOI verified in acquisition/validation stage,included,正式同行评审技术研究论文，主题与团队归属均满足,papers/2023_Sun_How_to_Define_the_Propagation_Environment_Semantics_and_Its_Application_in_Scatterer_Based.pdf,downloaded,https://arxiv.org/pdf/2209.08245,e07091203dd52191d1c1667860bf7b0d53550944f2730d6a7778eb7ae518e453,5,fulltext_evidence_extracted,
iscom-interest-aware-semantic-communication-scheme-for-point-cloud-video-streaming-on-metaverse-xr-devices-2023,2023,ISCom: Interest-Aware Semantic Communication Scheme for Point Cloud Video Streaming on Metaverse XR Devices,Yakun Huang; Boyuan Bai; Yuanwei Zhu; Xiuquan Qiao; Xiang Su; Lei Yang; Ping Zhang,IEEE Journal on Selected Areas in Communications,article,10.1109/jsac.2023.3345430,https://openalex.org/W4390097260,"In the metaverse era, point cloud video (PCV) streaming on mobile XR devices is pivotal. While most current methods focus on PCV compression from traditional 3-DoF video services, emerging AI techniques extract vital semantic information, producing content resembling the original. However, these are early-stage and computationally intensive. To enhance the inference efficacy of AI-based approaches, accommodate dynamic environments, and facilitate applicability to metaverse XR devices, we present ISCom, an interest-aware semantic communication scheme for lightweight PCV streaming. ISCom is featured with a region-of-interest (ROI) selection module, a lightweight encoder-decoder training module, and a learning-based scheduler to achieve real-time PCV decoding and rendering on resource-constrained devices. ISCom’s dual-stage ROI selection provides significantly reduces data volume according to real-time interest. The lightweight PCV encoder-decoder training is tailored to resource-constrained devices and adapts to the heterogeneous computing capabilities of devices. Furthermore, We provide a deep reinforcement learning (DRL)-based scheduler to select optimal encoder-decoder model for various devices adaptivelly, considering the dynamic network environments and device computing capabilities. Our extensive experiments demonstrate that ISCom outperforms baselines on mobile devices, achieving a minimum rendering frame rate improvement of 10 FPS and up to 22 FPS. Furthermore, our method significantly reduces memory usage by 41.7% compared to the state-of-the-art AITransfer method. These results highlight the effectiveness of ISCom in enabling lightweight PCV streaming and its potential to improve immersive experiences for emerging metaverse application.",https://doi.org/10.1109/jsac.2023.3345430,direct,指定团队负责人直接署名：Ping Zhang,Beijing University of Posts and Telecommunications; Norwegian University of Science and Technology; China Mobile (China),25,True,OpenAlex metadata; DOI verified in acquisition/validation stage,included,正式同行评审技术研究论文，主题与团队归属均满足,papers/2023_Huang_ISCom_Interest_Aware_Semantic_Communication_Scheme_for_Point_Cloud_Video_Streaming_on_Meta.pdf,downloaded,reused local corpus: kai-niu-semantic-communications\papers\ISCom_Interest-Aware_Semantic_Communication_Scheme_for_Point_Cloud_Video_Streaming_on_Metaverse_XR_Devices.pdf,1016a80369dd2ba87b4929da4b509a3685579f6f5e36ec0e74264c2a4349e52d,19,fulltext_evidence_extracted,
improved-nonlinear-transform-source-channel-coding-to-catalyze-semantic-communications-2023,2023,Improved Nonlinear Transform Source-Channel Coding to Catalyze Semantic Communications,Sixian Wang; Jincheng Dai; Xiaoqi Qin; Zhongwei Si; Kai Niu; Ping Zhang,IEEE Journal of Selected Topics in Signal Processing,article,10.1109/jstsp.2023.3304140,https://openalex.org/W4385731907,"Recent deep learning methods have led to increased interest in solving high-efficiency end-to-end transmission problems. These methods, we call <italic xmlns:mml=""http://www.w3.org/1998/Math/MathML"" xmlns:xlink=""http://www.w3.org/1999/xlink"">nonlinear transform source-channel coding (NTSCC)</i> , extract the semantic latent features of source signal, and learn entropy model to guide the joint source-channel coding with variable rate to transmit latent features over wireless channels. In this article, we propose a comprehensive framework for improving NTSCC, thereby higher system coding gain, better model compatibility, more flexible adaptation strategy aligned with semantic guidance are all achieved. This new sophisticated NTSCC model is now ready to support large-size data interaction in emerging XR, which catalyzes the application of semantic communications. Specifically, we propose three useful improvement approaches. First, we introduce a contextual entropy model to better capture the spatial correlations among the semantic latent features, thereby more accurate rate allocation and contextual joint source-channel coding method are developed accordingly to enable higher coding gain. On that basis, we further propose a response network architecture to formulate <italic xmlns:mml=""http://www.w3.org/1998/Math/MathML"" xmlns:xlink=""http://www.w3.org/1999/xlink"">compatible</i> NTSCC, i.e., once-learned model supports various bandwidth ratios and channel states that benefits practical deployment greatly. Following this, we propose an online latent feature editing mechanism to enable more flexible coding rate allocation aligned with some specific semantic guidance. By comprehensively applying the above three improvement methods for NTSCC, a deployment-friendly semantic coded transmission system stands out finally. Our improved NTSCC system has been experimentally verified to achieve a better rate-distortion efficiency versus the state-of-the-art engineered VTM + 5G LDPC coded transmission system with lower processing latency.",https://doi.org/10.1109/jstsp.2023.3304140,direct,"指定团队负责人直接署名：Kai Niu, Ping Zhang",Beijing University of Posts and Telecommunications,33,True,OpenAlex metadata; DOI verified in acquisition/validation stage,included,正式同行评审技术研究论文，主题与团队归属均满足,papers/2023_Wang_Improved_Nonlinear_Transform_Source_Channel_Coding_to_Catalyze_Semantic_Communications.pdf,downloaded,reused local corpus: controllable-semantic-communications\papers\2023_Wang_Improved_NTSCC_Catalyze_Semantic_Communications.pdf,bdeb9bd2d1eaaebb6d426df784cf537b7a43df3e51c30647fb21a7da6bf183b3,16,fulltext_evidence_extracted,
knowledge-enhanced-semantic-communication-system-with-ofdm-transmissions-2023,2023,Knowledge-enhanced semantic communication system with OFDM transmissions,Xiaodong Xu; Huachao Xiong; Yining Wang; Yue Che; Shujun Han; Bizhu Wang; Ping Zhang,Science China Information Sciences,article,10.1007/s11432-022-3624-4,https://openalex.org/W4381948937,,https://doi.org/10.1007/s11432-022-3624-4,direct,指定团队负责人直接署名：Ping Zhang,Peng Cheng Laboratory; Beijing University of Posts and Telecommunications,38,True,OpenAlex metadata; DOI verified in acquisition/validation stage,included,正式同行评审技术研究论文，主题与团队归属均满足,papers/2023_Xu_Knowledge_enhanced_semantic_communication_system_with_OFDM_transmissions.pdf,downloaded,reused local corpus: kai-niu-semantic-communications\papers\Knowledge_enhanced_semantic_communication_system_with_OFDM_transmissions.pdf,0539339c1b9a7cefd227cab3c86eeb2d55546f18930bb579c2da8623845bd7ab,17,fulltext_evidence_extracted,
learned-image-transmission-toward-machine-type-semantic-communications-2023,2023,Learned Image Transmission Toward Machine-Type Semantic Communications,Kailin Tan; Jincheng Dai; Sixian Wang; Ke Yang; Kai Niu,,article,10.1109/pimrc56721.2023.10294032,https://openalex.org/W4388076030,"Humans tend to focus on only a few regions of interest (ROI) rather than perceiving the entire scene. This insight is also useful for machine tasks. Built upon the properties of ROI, in this paper, we propose a learned image transmission framework toward machine tasks, which ensures both the image reconstruction quality and the task accuracy. The whole system is optimized under a tripartite RDA tradeoff across the channel bandwidth cost (rate, R), the signal reconstruction quality (distortion, D), and the machine task performance (accuracy, A). According to the image content complexity distribution and the specific task, we incorporate both the entropy model and the ROI map to guide the source-channel coding rate allocation. As a result, we obtain the system coding gain. During this process, we develop two types of real-time ROI generation methods, suitable for high and low bandwidth cost regions, respectively. Experimental results show that our approach vastly outperforms state-of-the-art engineered image transmission methods and emerging image transmission methods. Moreover, we conduct an extensive ablation study to demonstrate the importance of individual components in our method, by which we expect to facilitate future research on this novel approach for machine-type semantic communications.",https://doi.org/10.1109/pimrc56721.2023.10294032,direct,指定团队负责人直接署名：Kai Niu,Beijing University of Posts and Telecommunications; State Key Laboratory of Networking and Switching Technology,3,True,OpenAlex metadata; DOI verified in acquisition/validation stage,included,正式同行评审技术研究论文，主题与团队归属均满足,papers/2023_Tan_Learned_Image_Transmission_Toward_Machine_Type_Semantic_Communications.pdf,downloaded,reused local corpus: kai-niu-semantic-communications\papers\Learned_Image_Transmission_Toward_Machine-Type_Semantic_Communications.pdf,1b4d838e1faffcad337d64eefb86b2624501c430e5a6a8b0761c07cec88de228,6,fulltext_evidence_extracted,
learned-source-and-channel-coding-for-talking-head-semantic-transmission-2023,2023,Learned Source and Channel Coding for Talking-Head Semantic Transmission,Weijie Yue; Jincheng Dai; Sixian Wang; Zhongwei Si; Kai Niu,,article,10.1109/wcnc55385.2023.10118851,https://openalex.org/W4376478308,"How to efficiently transmit a special video over wireless channels? While the established systems work by combining H.26x video coding and 5G LDPC channel coding, its end-to-end transmission efficiency is still far away from the extreme for video sources in a specific domain. In this paper, we seek to design a special semantic communication system tailored for transmitting video calling streams over the wireless channels. Inspired by the recent progress in talking-head animation, we propose a talking- head semantic transmission (THST) system, which can efficiently transmit motion keypoint representation as compact semantic information to drive the free-view talk-heading synthesis at the receiver. Since the motion semantic key points are correlated, our THST system learns a nonlinear analysis transform to map the key points across multiple frames into latent space, then transmits the latent hyper semantic representation to the receiver via deep joint source-channel coding. Our system incorporates a latent prior to estimate the importance diversity on the semantic key points, accordingly, we realize variable rate joint source-channel coding to obtain system level coding gain. Extensive experimental validation shows that our THST system outperforms engineered competing systems on benchmark datasets. Moreover, due to the system level joint source and channel design, our method provides much more robust performance over noisy channels with only 33% bandwidth cost versus the current talking-head compression combined with 5G LDPC coded transmission systems.",https://doi.org/10.1109/wcnc55385.2023.10118851,direct,指定团队负责人直接署名：Kai Niu,Beijing University of Posts and Telecommunications; Peng Cheng Laboratory,7,True,OpenAlex metadata; DOI verified in acquisition/validation stage,included,正式同行评审技术研究论文，主题与团队归属均满足,papers/2023_Yue_Learned_Source_and_Channel_Coding_for_Talking_Head_Semantic_Transmission.pdf,downloaded,reused local corpus: kai-niu-semantic-communications\papers\Learned_Source_and_Channel_Coding_for_Talking-Head_Semantic_Transmission.pdf,fdcb293aa34f14835bea023fe78fca753caa0a83ee1a742fa5b4270d2a251308,6,fulltext_evidence_extracted,
model-division-multiple-access-for-semantic-communications-2023,2023,Model division multiple access for semantic communications,Ping Zhang; Xiaodong Xu; Chen Dong; Kai Niu; Haotai Liang; Zijian Liang; Xiaoqi Qin; Mengying Sun; Hao Chen; Nan Ma; Wenjun Xu; Guangyu Wang; Xiaofeng Tao,Frontiers of Information Technology & Electronic Engineering,article,10.1631/fitee.2300196,https://openalex.org/W4379157732,"In a multi-user system, system resources should be allocated to different users. In traditional communication systems, system resources generally include time, frequency, space, and power, so multiple access technologies such as time division multiple access (TDMA), frequency division multiple access (FDMA), space division multiple access (SDMA), code division multiple access (CDMA), and non-orthogonal multiple access (NOMA) are widely used. In semantic communication, which is considered a new paradigm of the next-generation communication system, we extract high-dimensional features from signal sources in a model-based artificial intelligence approach from a semantic perspective and construct a model information space for signal sources and channel features. From the high-dimensional semantic space, we excavate the shared and personalized information of semantic information and propose a novel multiple access technology, named model division multiple access (MDMA), which is based on the resource of the semantic domain. From the perspective of information theory, we prove that MDMA can attain more performance gains than traditional multiple access technologies. Simulation results show that MDMA saves more bandwidth resources than traditional multiple access technologies, and that MDMA has at least a 5-dB advantage over NOMA in the additive white Gaussian noise (AWGN) channel under the low signal-to-noise (SNR) condition.",https://doi.org/10.1631/fitee.2300196,direct,"指定团队负责人直接署名：Kai Niu, Ping Zhang",Beijing University of Posts and Telecommunications; Peng Cheng Laboratory,54,True,OpenAlex metadata; DOI verified in acquisition/validation stage,included,正式同行评审技术研究论文，主题与团队归属均满足,papers/2023_Zhang_Model_division_multiple_access_for_semantic_communications.pdf,downloaded,https://link.springer.com/content/pdf/10.1631/FITEE.2300196.pdf,7df08af503ca938ed83a37a0054083176eb4fc18fa5f0813c5f68993b39c53e3,12,fulltext_evidence_extracted,
non-orthogonal-multiple-access-enhanced-multi-user-semantic-communication-2023,2023,Non-Orthogonal Multiple Access Enhanced Multi-User Semantic Communication,Weizhi Li; Haotai Liang; Chen Dong; Xiaodong Xu; Ping Zhang; Kaijun Liu,IEEE Transactions on Cognitive Communications and Networking,article,10.1109/tccn.2023.3306852,https://openalex.org/W4386025812,"Semantic communication has served as a novel paradigm and attracted a broad interest from researchers. One critical aspect of it is the multi-user semantic communication theory, which can further enhance its application for the practical network environment. While most existing works have focused on the design of end-to-end single-user semantic transmission, a novel non-orthogonal multiple access (NOMA)-based multi-user semantic communication system named NOMASC is proposed in this study. The proposed system can support semantic transmission of multiple users with diverse modalities of source information. To avoid high demand for the hardware, an asymmetric quantizer is employed at the end of the semantic encoder for discretizing the continuous full-resolution semantic feature. In addition, a neural network model is used for mapping the discrete feature into self-learned symbols and accomplishing intelligent multi-user detection (MUD) at the receiver side. Simulation results demonstrate that the proposed system attains sound performance in non-orthogonal transmission of multiple user signals and outperforms the other methods, particularly with low-to-medium signal-to-noise ratios (SNRs). Moreover, it has shown high robustness under various simulation settings and mismatched testing scenarios.",https://doi.org/10.1109/tccn.2023.3306852,direct,指定团队负责人直接署名：Ping Zhang,Beijing University of Posts and Telecommunications; Peng Cheng Laboratory,61,True,OpenAlex metadata; DOI verified in acquisition/validation stage,included,正式同行评审技术研究论文，主题与团队归属均满足,papers/2023_Li_Non_Orthogonal_Multiple_Access_Enhanced_Multi_User_Semantic_Communication.pdf,downloaded,https://arxiv.org/pdf/2303.06597,183a0412a4193f0461bb178b999456ccdedb66165e18466ca4c2344cdff474b9,16,fulltext_evidence_extracted,
scalable-multi-task-semantic-communication-system-with-feature-importance-ranking-2023,2023,Scalable Multi-Task Semantic Communication System with Feature Importance Ranking,Jiangjing Hu; Fengyu Wang; Wenjun Xu; Hui Gao; Ping Zhang,,article,10.1109/icassp49357.2023.10095672,https://openalex.org/W4375869255,"Semantic communications are expected to be an innovative solution to the emerging intelligent applications in the era of connected intelligence. In this paper, a novel scalable multi-task semantic communication system with feature importance ranking (SMSC-FIR) is explored. Firstly, the multi-task correlations are investigated by a joint semantic encoder to extract relevant features. Then, a new scalable coding method is proposed based on feature importance ranking, which dynamically adjusts the coding rate and guarantees that important features for semantic tasks are transmitted with higher priority. Simulation results show that SMSC-FIR achieves performance gain w.r.t. individual intelligent tasks, especially in the low SNR regime.",https://doi.org/10.1109/icassp49357.2023.10095672,direct,指定团队负责人直接署名：Ping Zhang,Beijing University of Posts and Telecommunications; Peng Cheng Laboratory,27,True,OpenAlex metadata; DOI verified in acquisition/validation stage,included,正式同行评审技术研究论文，主题与团队归属均满足,papers/2023_Hu_Scalable_Multi_Task_Semantic_Communication_System_with_Feature_Importance_Ranking.pdf,downloaded,https://arxiv.org/pdf/2304.05882,705ae1d90ca09b400e6dea5c2dc57ee3ff16c86a7a05f5140a07b881e35437d4,5,fulltext_evidence_extracted,
semantic-communications-with-explicit-semantic-base-for-image-transmission-2023,2023,Semantic Communications with Explicit Semantic Base for Image Transmission,Yuan Zheng; Fengyu Wang; Wenjun Xu; Miao Pan; Ping Zhang,,article,10.1109/globecom54140.2023.10437876,https://openalex.org/W4392175416,"Semantic communications, aiming at ensuring the successful delivery of the meaning of information, are expected to be one of the potential techniques for the next generation communications. However, the knowledge forming and synchronizing mechanism that enables semantic communication systems to extract and interpret the semantics of information according to the communication intents is still immature. In this paper, we propose a semantic image transmission framework with explicit semantic base (Seb), where Sebs are generated and employed as the knowledge shared between the transmitter and the receiver with flexible granularity. To represent images with Sebs, a novel Seb-based reference image generator is proposed to generate Sebs and then decompose the transmitted images. To further encode/decode the residual information for precise image reconstruction, a Seb-based image encoder/decoder is proposed. The key components of the proposed framework are optimized jointly by end-to-end (E2E) training, where the loss function is dedicatedly designed to tackle the problem of non-differentiable operation in Seb-based reference image generator by introducing a gradient approximation mechanism. Extensive experiments show that the proposed framework outperforms state-of-art works by 0.5 - 1.5 dB in peak signal-to-noise ratio (PSNR) w.r.t. different signal-to-noise ratios (SNR).",https://doi.org/10.1109/globecom54140.2023.10437876,direct,指定团队负责人直接署名：Ping Zhang,Beijing University of Posts and Telecommunications; University of Houston,13,True,OpenAlex metadata; DOI verified in acquisition/validation stage,included,正式同行评审技术研究论文，主题与团队归属均满足,papers/2023_Zheng_Semantic_Communications_with_Explicit_Semantic_Base_for_Image_Transmission.pdf,downloaded,https://arxiv.org/pdf/2308.06599,4ed2a3426dc9d08a1c558761cc7aaf68390c89fb0d9a1606e35eeda8b74a30dc,6,fulltext_evidence_extracted,
toward-adaptive-semantic-communications-efficient-data-transmission-via-online-learned-nonlinear-transform-source-channe-2023,2023,Toward Adaptive Semantic Communications: Efficient Data Transmission via Online Learned Nonlinear Transform Source-Channel Coding,Jincheng Dai; Sixian Wang; Ke Yang; Kailin Tan; Xiaoqi Qin; Zhongwei Si; Kai Niu; Ping Zhang,IEEE Journal on Selected Areas in Communications,article,10.1109/jsac.2023.3288246,https://openalex.org/W4381785934,"The emerging field semantic communication is driving the research of end-to-end data transmission. By utilizing the powerful representation ability of deep learning models, learned data transmission schemes have exhibited superior performance than the established source and channel coding methods. While, so far, research efforts mainly concentrated on architecture and model improvements toward a static target domain. Despite their successes, such learned models are still suboptimal due to the limitations in model capacity and imperfect optimization and generalization, particularly when the testing data distribution or channel response is different from that adopted for model training, as is likely to be the case in real-world. To tackle this, in this paper, we propose a novel online learned joint source and channel coding approach that leverages the deep learning model’s overfitting property. Specifically, we update the off-the-shelf pre-trained models after deployment in a lightweight online fashion to adapt to the distribution shifts in source data and environment domain. We take the overfitting concept to the extreme, proposing a series of implementation-friendly methods to adapt the codec model or representations to an individual data or channel state instance, which can further lead to substantial gains in terms of the end-to-end rate-distortion performance. Accordingly, the streaming ingredients include both the semantic representations of source data and the online updated decoder model parameters. The system design is formulated as a joint optimization problem whose goal is to minimize the loss function, a tripartite trade-off among the data stream bandwidth cost, model stream bandwidth cost, and end-to-end distortion. The proposed methods enable the communication-efficient adaptation for all parameters in the network without sacrificing decoding speed. Extensive experiments, including user study, on continually changing target source data and wireless channel environments, demonstrate the effectiveness and efficiency of our approach, on which we outperform existing state-of-the-art engineered transmission scheme (VVC combined with 5G LDPC coded transmission).",https://doi.org/10.1109/jsac.2023.3288246,direct,"指定团队负责人直接署名：Kai Niu, Ping Zhang",Beijing University of Posts and Telecommunications,47,True,OpenAlex metadata; DOI verified in acquisition/validation stage,included,正式同行评审技术研究论文，主题与团队归属均满足,papers/2023_Dai_Toward_Adaptive_Semantic_Communications_Efficient_Data_Transmission_via_Online_Learned_Non.pdf,downloaded,reused local corpus: controllable-semantic-communications\papers\2023_Dai_Toward_Adaptive_Semantic_Communications_Online_NTSCC.pdf,a035c91c0e6447823165cfa2681c47d45d64c8a128b1ee656d9041f9cf40f9ca,18,fulltext_evidence_extracted,
udsem-a-unified-distributed-learning-framework-for-semantic-communications-over-wireless-networks-2023,2023,UDSem: A Unified Distributed Learning Framework for Semantic Communications Over Wireless Networks,Guoshun Nan; Xinghan Liu; Xinchen Lyu; Qimei Cui; Xiaodong Xu; Ping Zhang,IEEE Network,article,10.1109/mnet.131.2200409,https://openalex.org/W4366957234,"End-to-end semantic communications (ESC) rely on deep neural networks (DNN) to boost the communication efficiency by only transmitting the semantics of data. However, ESC is data-hungry for training millions of neural parameters, while uploading massive data generated by users/devices to a central server is usually impractical due to privacy issues, regulatory guidelines and network congestion, etc. Inspired by federated learning, where each device contributes to the parameters' update by independently computing the gradient based on its local data, we present UDSem, a unified distributed learning framework of semantic communications for texts and images over wireless networks. The key ingredients of our UDSem include 1) a flexible learning mechanism that can be tailored to a device based on its computing capabilities, 2) an efficient learning approach that splits the system into multiple modules and updates the parameters independently both on clients and the central server, 3) a mixed aggregation method that globally updates the neural parameters for each module of the ESC system. Equipped with these ingredients, our proposed UDSem is able to properly fill the gap between the training efficiency of ESC systems and the privacy requirement of users' data. Experimental results over two public benchmarks show the superiority of our UDSem in terms of convergence speed and semantic interpretation, potentially paving the way for distributed semantic communications in future wireless networks.",https://doi.org/10.1109/mnet.131.2200409,direct,指定团队负责人直接署名：Ping Zhang,Beijing University of Posts and Telecommunications,19,True,OpenAlex metadata; DOI verified in acquisition/validation stage,included,正式同行评审技术研究论文，主题与团队归属均满足,papers/2023_Nan_UDSem_A_Unified_Distributed_Learning_Framework_for_Semantic_Communications_Over_Wireless_N.pdf,downloaded,reused local corpus: kai-niu-semantic-communications\papers\UDSem_A_Unified_Distributed_Learning_Framework_for_Semantic_Communications_Over_Wireless_Networks.pdf,572034a5dea63abac5052f7f77aaec88d4cee6548f55bc115c24651fb1126042,8,fulltext_evidence_extracted,
variational-speech-waveform-compression-to-catalyze-semantic-communications-2023,2023,Variational Speech Waveform Compression to Catalyze Semantic Communications,Shengshi Yao; Zixuan Xiao; Sixian Wang; Jincheng Dai; Kai Niu; Ping Zhang,,article,10.1109/wcnc55385.2023.10118921,https://openalex.org/W4376480704,"We propose a novel neural waveform compression method to catalyze emerging speech semantic communications. By introducing nonlinear transform and variational modeling, we effectively capture the dependencies within speech frames and estimate the probabilistic distribution of the speech feature more accurately, giving rise to better compression performance. In particular, the speech signals are analyzed and synthesized by a pair of nonlinear transforms, yielding latent features. An entropy model with hyperprior is built to capture the probabilistic distribution of latent features, followed by quantization and entropy coding. The proposed waveform codec can be optimized flexibly towards arbitrary rate, and the other appealing feature is that it can be easily optimized for any differentiable loss function, including perceptual loss used in semantic communications. To further improve the speech quality, we incorporate residual coding to mitigate the degradation arising from quantization distortion at the latent space. Results indicate that achieving the same perceptual quality score, the proposed method saves up to 27% coding rate than widely used adaptive multi-rate wideband (AMR-WB) codec as well as emerging neural waveform coding methods.",https://doi.org/10.1109/wcnc55385.2023.10118921,direct,"指定团队负责人直接署名：Kai Niu, Ping Zhang",Beijing University of Posts and Telecommunications; Peng Cheng Laboratory,6,True,OpenAlex metadata; DOI verified in acquisition/validation stage,included,正式同行评审技术研究论文，主题与团队归属均满足,papers/2023_Yao_Variational_Speech_Waveform_Compression_to_Catalyze_Semantic_Communications.pdf,downloaded,https://arxiv.org/pdf/2212.05294,39f6bce3214c72708f85b9a18429a922f1667f190ad95a59efb1a43aa7d08e81,6,fulltext_evidence_extracted,
witt-a-wireless-image-transmission-transformer-for-semantic-communications-2023,2023,WITT: A Wireless Image Transmission Transformer for Semantic Communications,Ke Yang; Sixian Wang; Jincheng Dai; Kailin Tan; Kai Niu; Ping Zhang,,article,10.1109/icassp49357.2023.10094735,https://openalex.org/W4372348936,"In this paper, we aim to redesign the vision Transformer (ViT) as a new backbone to realize semantic image transmission, termed wireless image transmission transformer (WITT). Previous works build upon convolutional neural networks (CNNs), which are inefficient in capturing global dependencies, resulting in degraded end-to-end transmission performance especially for high-resolution images. To tackle this, the proposed WITT employs Swin Transformers as a more capable backbone to extract long-range information. Different from ViTs in image classification tasks, WITT is highly optimized for image transmission while considering the effect of the wireless channel. Specifically, we propose a spatial modulation module to scale the latent representations according to channel state information, which enhances the ability of a single model to deal with various channel conditions. As a result, extensive experiments verify that our WITT attains better performance for different image resolutions, distortion metrics, and channel conditions. The code is available at https://github.com/KeYang8/WITT.",https://doi.org/10.1109/icassp49357.2023.10094735,direct,"指定团队负责人直接署名：Kai Niu, Ping Zhang",Beijing University of Posts and Telecommunications; Peng Cheng Laboratory,174,True,OpenAlex metadata; DOI verified in acquisition/validation stage,included,正式同行评审技术研究论文，主题与团队归属均满足,papers/2023_Yang_WITT_A_Wireless_Image_Transmission_Transformer_for_Semantic_Communications.pdf,downloaded,reused local corpus: controllable-semantic-communications\papers\2023_Yang_WITT_Wireless_Image_Transmission_Transformer.pdf,cce19f043112debb640bb263ffc5094477631860cb84ab45b704729180362d10,5,fulltext_evidence_extracted,
wireless-deep-speech-semantic-transmission-2023,2023,Wireless Deep Speech Semantic Transmission,Zixuan Xiao; Shengshi Yao; Jincheng Dai; Sixian Wang; Kai Niu; Ping Zhang,"ICASSP 2023 - 2023 IEEE International Conference on Acoustics, Speech and Signal Processing (ICASSP)",proceedings-article,10.1109/icassp49357.2023.10094680,,,https://doi.org/10.1109/icassp49357.2023.10094680,direct,"补充数据库轮次核验：指定负责人直接署名（Kai Niu, Ping Zhang）；Crossref/DBLP 正式 DOI 元数据。",,38,True,Crossref/DBLP late-index audit; DOI publisher record,included_late_indexed,补充数据库检索发现的正式同行评审技术论文；通过负责人直接署名、年份、DOI、主题和文献类型核验,papers/2023_Xiao_Wireless_Deep_Speech_Semantic_Transmission.pdf,downloaded,https://arxiv.org/pdf/2211.02283,1cf09eafa4e9a6dc0c2480d6856e9a14df1ddef6bbdfaa147c9e2e5038e45d32,5,fulltext_evidence_extracted,
csba-covert-semantic-backdoor-attack-against-intelligent-connected-vehicles-2024,2024,CSBA: Covert Semantic Backdoor Attack Against Intelligent Connected Vehicles,Xiaodong Xu; Yue Chen; Bizhu Wang; Zhiqiang Bian; Shujun Han; Chen Dong; Chen Sun; Wenqi Zhang; Lexi Xu; Ping Zhang,IEEE Transactions on Vehicular Technology,article,10.1109/tvt.2024.3427713,https://openalex.org/W4400680555,"Semantic communication (SemCom) can reduce data traffic for intelligent connected vehicles (ICVs), given the limited wireless spectrum available. However, it is important to recognize that deep learning-based SemCom is vulnerable to backdoor attacks, which pose significant security risks to ICVs. Therefore, it is crucial to investigate these security risks before integrating SemCom into ICVs. To this end, this study introduces a novel backdoor attack known as Covert Semantic Backdoor Attack (CSBA), specifically designed for SemCom-enabled ICVs. Unlike existing backdoor attack techniques that rely on noticeable triggers, CSBA analyzes the self-contained semantics in transmitted images to determine if they contain the target semantic required for initiating a backdoor attack. Moreover, in the event of an attack by CSBA, the target semantics disappear from the recovered image while the rest of the image remains unchanged, ensuring that the attack remains invisible. Experimental results confirm the effectiveness and the stealthiness of the proposed CSBA schemes across various wireless channel conditions and attack ratios.",https://doi.org/10.1109/tvt.2024.3427713,direct,指定团队负责人直接署名：Ping Zhang,Beijing University of Posts and Telecommunications; Sony (China); China United Network Communications Group (China),13,True,OpenAlex metadata; DOI verified in acquisition/validation stage,included,正式同行评审技术研究论文，主题与团队归属均满足,papers/2024_Xu_CSBA_Covert_Semantic_Backdoor_Attack_Against_Intelligent_Connected_Vehicles.pdf,downloaded,reused local corpus: kai-niu-semantic-communications\papers\CSBA_Covert_Semantic_Backdoor_Attack_Against_Intelligent_Connected_Vehicles.pdf,dd62d1416d3470aabc42fdae78fc55cb37a76922e61cc9c864da971a0eaa74a2,6,fulltext_evidence_extracted,
cross-modal-generative-semantic-communications-for-mobile-aigc-joint-semantic-encoding-and-prompt-engineering-2024,2024,Cross-Modal Generative Semantic Communications for Mobile AIGC: Joint Semantic Encoding and Prompt Engineering,Yinqiu Liu; Hongyang Du; Dusit Niyato; Jiawen Kang; Zehui Xiong; Shiwen Mao; Ping Zhang; Xuemin Shen,IEEE Transactions on Mobile Computing,article,10.1109/tmc.2024.3449645,https://openalex.org/W4401878764,"Employing massive Mobile AI-Generated Content (AIGC) Service Providers (MASPs) with powerful models, high-quality AIGC services become accessible for resource-constrained end users. However, this advancement, referred to as mobile AIGC, also introduces a significant challenge: users should download large AIGC outputs from the MASPs, leading to substantial bandwidth consumption and potential transmission failures. In this paper, we apply cross-modal <underline xmlns:mml=""http://www.w3.org/1998/Math/MathML"" xmlns:xlink=""http://www.w3.org/1999/xlink"">G</u>enerative <underline xmlns:mml=""http://www.w3.org/1998/Math/MathML"" xmlns:xlink=""http://www.w3.org/1999/xlink"">Sem</u>antic <underline xmlns:mml=""http://www.w3.org/1998/Math/MathML"" xmlns:xlink=""http://www.w3.org/1999/xlink"">Com</u>munications (G-SemCom) in mobile AIGC to overcome wireless bandwidth constraints. Specifically, we utilize cross-modal attention maps to indicate the correlation between user prompts and each part of AIGC outputs. In this way, the MASP can analyze the prompt context and filter the most semantically important content efficiently. Only semantic information is transmitted, with which users can recover the entire AIGC output with high quality while saving mobile bandwidth. Since the transmitted information not only preserves the semantics but also prompts the recovery, we formulate a joint semantic encoding and prompt engineering problem to optimize the bandwidth allocation among users. Particularly, we present a human-perceptual metric named Joint Perceptual Similarity and Quality (JPSQ), which is fused by two learning-based measurements regarding semantic similarity and aesthetic quality, respectively. Furthermore, we develop the Attention-aware Deep Diffusion (ADD) algorithm, which learns attention maps and leverages the diffusion process to enhance the environment exploration ability of traditional deep reinforcement learning (DRL). Extensive experiments demonstrate that our proposal can reduce the bandwidth consumption of mobile users by 49.4% on average, with almost no perceptual difference in AIGC output quality. Moreover, the ADD algorithm shows superior performance over baseline DRL methods, with 1.74× higher overall reward.",https://doi.org/10.1109/tmc.2024.3449645,direct,指定团队负责人直接署名：Ping Zhang,Nanyang Technological University; University of Hong Kong; Guangdong University of Technology; Singapore University of Technology and Design; Auburn University; Beijing University of Posts and Telecommunications; University of Waterloo,30,True,OpenAlex metadata; DOI verified in acquisition/validation stage,included,正式同行评审技术研究论文，主题与团队归属均满足,papers/2024_Liu_Cross_Modal_Generative_Semantic_Communications_for_Mobile_AIGC_Joint_Semantic_Encoding_and.pdf,downloaded,https://hub.hku.hk/bitstream/10722/353211/1/content.pdf,fcf24c4a17dc1c4298c39f7893e2d7ef9e70882a50e171471216e2d543d54ed8,17,fulltext_evidence_extracted,
feature-importance-aware-task-oriented-semantic-transmission-and-optimization-2024,2024,Feature Importance-Aware Task-Oriented Semantic Transmission and Optimization,Yining Wang; Shujun Han; Xiaodong Xu; Haotai Liang; Rui Meng; Chen Dong; Ping Zhang,IEEE Transactions on Cognitive Communications and Networking,article,10.1109/tccn.2024.3375496,https://openalex.org/W4392824743,"Incorporating both semantic level information and effectiveness level performance, the task-oriented semantic communication system has been designed for various tasks of different datatype. Although semantic communication improves the spectral utilization to some extent, indiscriminate transmission of semantic information for task-oriented semantic communication can still result in waste of wireless resources. In this paper, we propose an importance-aware joint source-channel coding (I-JSCC) framework for task-oriented semantic communications. A joint semantic-channel transmission (JSCT) mechanism is designed by selectively transmitting task-important features to reduce communication overhead. We define a new metric named task-oriented semantic spectral efficiency (TOSSE) to evaluate the effectiveness and efficiency of the proposed system, which measures the effective semantic information carried by each semantic symbol. An importance-aware semantic resource allocation problem is formulated to maximize the total TOSSE of all users by jointly optimizing the channel assignment and feature selection vector. To solve this problem, a knowledge-assisted proximal policy optimization (K-PPO) based reinforcement learning (RL) algorithm is proposed. The experimental results conducted on CIFAR100 dataset demonstrate the efficacy of the K-PPO algorithm, while also highlighting the superiority of the importance-aware semantic communication system in terms of the TOSSE.",https://doi.org/10.1109/tccn.2024.3375496,direct,指定团队负责人直接署名：Ping Zhang,Beijing University of Posts and Telecommunications; Peng Cheng Laboratory,30,True,OpenAlex metadata; DOI verified in acquisition/validation stage,included,正式同行评审技术研究论文，主题与团队归属均满足,papers/2024_Wang_Feature_Importance_Aware_Task_Oriented_Semantic_Transmission_and_Optimization.pdf,downloaded,reused local corpus: kai-niu-semantic-communications\papers\Feature_Importance-Aware_Task-Oriented_Semantic_Transmission_and_Optimization.pdf,c15172d3c601d151bee086857df0c9da22adde3187547dc9f2db43134ba37ccf,15,fulltext_evidence_extracted,
federated-contrastive-learning-for-personalized-semantic-communication-2024,2024,Federated Contrastive Learning for Personalized Semantic Communication,Yining Wang; Wanli Ni; Wenqiang Yi; Xiaodong Xu; Ping Zhang; Arumugam Nallanathan,IEEE Communications Letters,article,10.1109/lcomm.2024.3415431,https://openalex.org/W4399728304,"In this letter, we design a federated contrastive learning (FedCL) framework aimed at supporting personalized semantic communication. Our FedCL enables collaborative training of local semantic encoders across multiple clients and a global semantic decoder owned by the base station. This framework supports heterogeneous semantic encoders since it does not require client-side model aggregation. Furthermore, to tackle the semantic imbalance issue arising from heterogeneous datasets across distributed clients, we employ contrastive learning to train a semantic centroid generator (SCG). This generator obtains representative global semantic centroids that exhibit intra-semantic compactness and inter-semantic separability. Consequently, it provides superior supervision for learning discriminative local semantic features. Additionally, we conduct theoretical analysis to quantify the convergence performance of FedCL. Simulation results verify the superiority of the proposed FedCL framework compared to other distributed learning benchmarks in terms of task performance and robustness under different numbers of clients and channel conditions, especially in low signal-to-noise ratio and highly heterogeneous data scenarios.",https://doi.org/10.1109/lcomm.2024.3415431,direct,指定团队负责人直接署名：Ping Zhang,Beijing University of Posts and Telecommunications; Tsinghua University; University of Essex; Queen Mary University of London,13,True,OpenAlex metadata; DOI verified in acquisition/validation stage,included,正式同行评审技术研究论文，主题与团队归属均满足,papers/2024_Wang_Federated_Contrastive_Learning_for_Personalized_Semantic_Communication.pdf,downloaded,https://arxiv.org/pdf/2406.09182,5a8328c9471a2b24c9fea2793da6604f3d311c07f2eff6b8dbbc8b9eccabc938,5,fulltext_evidence_extracted,
fuse-before-transmit-a-multimodal-semantic-communication-method-2024,2024,Fuse Before Transmit: A Multimodal Semantic Communication Method,Leiyu Wang; Xiaodong Xu; Hao Chen; Yaping Sun; Nan Ma; Ping Zhang,2024 IEEE Globecom Workshops (GC Wkshps),proceedings-article,10.1109/gcwkshp64532.2024.11100606,,,https://doi.org/10.1109/gcwkshp64532.2024.11100606,direct,补充数据库轮次核验：指定负责人直接署名（Ping Zhang）；Crossref/DBLP 正式 DOI 元数据。,,2,True,Crossref/DBLP late-index audit; DOI publisher record,included_late_indexed,补充数据库检索发现的正式同行评审技术论文；通过负责人直接署名、年份、DOI、主题和文献类型核验,papers/2024_Wang_Fuse_Before_Transmit_A_Multimodal_Semantic_Communication_Method.pdf,downloaded,reused local corpus: kai-niu-semantic-communications\papers\Fuse_Before_Transmit_A_Multimodal_Semantic_Communication_Method.pdf,67659aa971de7cf7257f1934ea02120813cde74bb26147d286d8e13b1f9d82f9,5,fulltext_evidence_extracted,
importance-of-semantic-information-based-on-semantic-value-2024,2024,Importance of Semantic Information Based on Semantic Value,Shang Gao; Xiaoqi Qin; Li Chen; Yunfei Chen; Kaifeng Han; Ping Zhang,IEEE Transactions on Communications,article,10.1109/tcomm.2024.3385915,https://openalex.org/W4394586111,"Semantic communication shows great promise in reducing network traffic and alleviating spectrum shortage. While many semantic theories have been put forward, how to measure the importance of semantic information theoretically remains an open issue. In this paper, we propose semantic value, a metric that measures the importance of semantic information, for text transmission. First, we model a semantic communication system for text transmission, in which semantic information is represented by semantic triplets. Then, we propose a hybrid communication mechanism to ensure the success of text transmission. Finally, we compare the performances of the conventional mode and the semantic mode in terms of latency and derive conditions leading to minimum latency.",https://doi.org/10.1109/tcomm.2024.3385915,direct,指定团队负责人直接署名：Ping Zhang,University of Science and Technology of China; Beijing University of Posts and Telecommunications; Durham University; China Academy of Information and Communications Technology,9,True,OpenAlex metadata; DOI verified in acquisition/validation stage,included,正式同行评审技术研究论文，主题与团队归属均满足,papers/2024_Gao_Importance_of_Semantic_Information_Based_on_Semantic_Value.pdf,downloaded,reused local corpus: kai-niu-semantic-communications\papers\Importance_of_Semantic_Information_Based_on_Semantic_Value.pdf,26c5495e39aa983a10856dd4e1df2622fc561f6ec93e3eb99ee5eb2b10fbb232,15,fulltext_evidence_extracted,
information-conductivity-universal-performance-measure-for-semantic-communications-2024,2024,Information conductivity: Universal performance measure for semantic communications,Liang Zijian; Niu Kai; Ping Zhang,China Communications,article,10.23919/jcc.fa.2023-0757.202407,https://openalex.org/W4400878001,"As a novel paradigm, semantic communication provides an effective solution for breaking through the future development dilemma of classical communication systems. However, it remains an unsolved problem of how to measure the information transmission capability for a given semantic communication method and subsequently compare it with the classical communication method. In this paper, we first present a review of the semantic communication system, including its system model and the two typical coding and transmission methods for its implementations. To address the unsolved issue of the information transmission capability measure for semantic communication methods, we propose a new universal performance measure called Information Conductivity. We provide the definition and the physical significance to state its effectiveness in representing the information transmission capabilities of the semantic communication systems and present elaborations including its measure methods, degrees of freedom, and progressive analysis. Experimental results in image transmission scenarios validate its practical applicability.",https://doi.org/10.23919/jcc.fa.2023-0757.202407,direct,指定团队负责人直接署名：Ping Zhang,Beijing University of Posts and Telecommunications; Peng Cheng Laboratory,3,True,OpenAlex metadata; DOI verified in acquisition/validation stage,included,正式同行评审技术研究论文，主题与团队归属均满足,papers/2024_Zijian_Information_conductivity_Universal_performance_measure_for_semantic_communications.pdf,downloaded,reused local corpus: kai-niu-semantic-communications\papers\Information_conductivity_Universal_performance_measure_for_semantic_communications.pdf,6982b850763bf691903b97992f82045c064ea8c2c6d48ba27bde3ffb9e1ebbfc,20,fulltext_evidence_extracted,
interference-suppressed-noma-for-semantic-aware-communication-networks-2024,2024,Interference Suppressed NOMA for Semantic-Aware Communication Networks,Yimeng Zhang; Ruikang Zhong; Yuanwei Liu; Wenjun Xu; Ping Zhang,IEEE Transactions on Wireless Communications,article,10.1109/twc.2024.3371775,,,https://doi.org/10.1109/twc.2024.3371775,direct,补充数据库轮次核验：指定负责人直接署名（Ping Zhang）；Crossref/DBLP 正式 DOI 元数据。,,15,True,Crossref/DBLP late-index audit; DOI publisher record,included_late_indexed,补充数据库检索发现的正式同行评审技术论文；通过负责人直接署名、年份、DOI、主题和文献类型核验,papers/2024_Zhang_Interference_Suppressed_NOMA_for_Semantic_Aware_Communication_Networks.pdf,downloaded,reused local corpus: kai-niu-semantic-communications\papers\Interference_Suppressed_NOMA_for_Semantic-Aware_Communication_Networks.pdf,d66f0543cd3a6f782dad5da4c8208a91ca38b029ae1501ba4e75854728bcb42c,15,fulltext_evidence_extracted,
knowledge-base-enabled-semantic-communication-a-generative-perspective-2024,2024,Knowledge Base Enabled Semantic Communication: A Generative Perspective,Jinke Ren; Zezhong Zhang; Jie Xu; Guanying Chen; Yaping Sun; Ping Zhang; Shuguang Cui,IEEE Wireless Communications,article,10.1109/mwc.001.2300553,,,https://doi.org/10.1109/mwc.001.2300553,direct,补充数据库轮次核验：指定负责人直接署名（Ping Zhang）；Crossref/DBLP 正式 DOI 元数据。,,46,True,Crossref/DBLP late-index audit; DOI publisher record,included_late_indexed,补充数据库检索发现的正式同行评审技术论文；通过负责人直接署名、年份、DOI、主题和文献类型核验,papers/2024_Ren_Knowledge_Base_Enabled_Semantic_Communication_A_Generative_Perspective.pdf,downloaded,https://arxiv.org/pdf/2311.12443,290077d26892701a55df0baaf8c925c4b6a68c268ca9c862ec3f8a285a0972fa,9,fulltext_evidence_extracted,
mdvscefficient-wireless-model-division-video-semantic-communication-2024,2024,MDVSC—Efficient Wireless Model Division Video Semantic Communication,Zhicheng Bao; Haotai Liang; Chen Dong; Cong Li; Xiaodong Xu; Ping Zhang,IEEE Internet of Things Journal,article,10.1109/jiot.2024.3464614,https://openalex.org/W4402742683,"This article introduces a novel method for transmitting video data over noisy wireless channels with high efficiency and controllability. The method derivates from model division multiple access (MDMA) to extract common semantic features from video frames. It also uses deep joint source-channel coding (JSCC) as the main framework to establish communication links and deal with channel noise. An entropy-based semantic importance coding scheme is developed to adjust the data amount accurately and explicitly. We name our method as model division video semantic communication (MDVSC). The main steps of our approach are as follows: first, video frames are transformed into a latent space to reduce computational complexity and redistribute data. Then, common features and individual features are extracted, and semantic importance coding is applied to further eliminate redundant semantic information under the communication bandwidth constraint. We evaluate our method on standard video test sequences and compare it with traditional wireless video coding methods. The results show that MDVSC generally surpasses the conventional methods in terms of quality metrics and has the capability to control code length precisely. Moreover, additional experiments and ablation studies are conducted to demonstrate its potential for various tasks.",https://doi.org/10.1109/jiot.2024.3464614,direct,指定团队负责人直接署名：Ping Zhang,Beijing University of Posts and Telecommunications; China Academy of Space Technology,18,True,OpenAlex metadata; DOI verified in acquisition/validation stage,included,正式同行评审技术研究论文，主题与团队归属均满足,papers/2024_Bao_MDVSC_Efficient_Wireless_Model_Division_Video_Semantic_Communication.pdf,downloaded,reused local corpus: kai-niu-semantic-communications\papers\MDVSCEfficient_Wireless_Model_Division_Video_Semantic_Communication.pdf,e74a442a56e5bf11983791467aca09ce866aae98b456af1dfcf3231b776fefe9,16,fulltext_evidence_extracted,
moc-rvq-multilevel-codebook-assisted-digital-generative-semantic-communication-2024,2024,MOC-RVQ: Multilevel Codebook-Assisted Digital Generative Semantic Communication,Yingbin Zhou; Yaping Sun; Guanying Chen; Xiaodong Xu; Hao Chen; Binhong Huang; Shuguang Cui; Ping Zhang,,article,10.1109/globecom52923.2024.10901060,https://openalex.org/W4408324402,"Vector quantization-based image semantic communication systems have successfully boosted transmission efficiency, but face challenges with conflicting requirements between code-book design and digital constellation modulation. Traditional codebooks need wide index ranges, while modulation favors few discrete states. To address this, we propose a multilevel generative semantic communication system with a two-stage training framework. In the first stage, we train a high-quality codebook, using a multi-head octonary codebook (MOC) to compress the index range. In addition, a residual vector quantization (RVQ) mechanism is also integrated for effective multilevel communication. In the second stage, a noise reduction block (NRB) based on Swin Transformer is introduced, coupled with the multilevel codebook from the first stage, serving as a high-quality semantic knowledge base (SKB) for generative feature restoration. Finally, to simulate modern image transmission scenarios, we employ a diverse collection of high-resolution 2K images as the test set. The experimental results consistently demonstrate the superior performance of MOC-RVQ over conventional methods such as BPG or JPEG. Additionally, MOC-RVQ achieves comparable performance to an analog JSCC scheme, while needing only one-sixth of the channel bandwidth ratio (CBR) and being directly compatible with digital transmission systems.",https://doi.org/10.1109/globecom52923.2024.10901060,direct,指定团队负责人直接署名：Ping Zhang,"Chinese University of Hong Kong, Shenzhen; Peng Cheng Laboratory; Beijing University of Posts and Telecommunications",14,True,OpenAlex metadata; DOI verified in acquisition/validation stage,included,正式同行评审技术研究论文，主题与团队归属均满足,papers/2024_Zhou_MOC_RVQ_Multilevel_Codebook_Assisted_Digital_Generative_Semantic_Communication.pdf,downloaded,https://arxiv.org/pdf/2401.01272,89c243c0316d5ce59107cce64589f075de827621bfd42c5c366b8586fe981c11,6,fulltext_evidence_extracted,
orthogonal-model-division-multiple-access-2024,2024,Orthogonal Model Division Multiple Access,Haotai Liang; Kaijun Liu; Xiaoyi Liu; Hongchao Jiang; Chen Dong; Xiaodong Xu; Kai Niu; Ping Zhang,IEEE Transactions on Wireless Communications,article,10.1109/twc.2024.3384421,https://openalex.org/W4394939043,"Multiple access technologies are critical technologies in every communication era. As a promising paradigm for next-generation mobile communication, semantic communication has explored new semantic information space resources. Based on the characteristic that different semantic models cannot understand semantic information generated by other models, we propose the concept of semantic orthogonal signals. Combining the advantages of Deep joint source and channel coding (DeepJSCC), an Orthogonal-Model Division Multiple Access (O-MDMA) technology that can be applied to any semantic model is proposed. The essence of O-MDMA is to migrate the anti-interference capability of DeepJSCC to the multi-user capacity. Compared with Non-Orthgonal Multiple Access (NOMA) and Model Division Multiple Access (MDMA) technologies, O-MDMA has better performance. The O-MDMA can be integrated with NOMA, and experimental results show that the combined technique can save more bandwidth.",https://doi.org/10.1109/twc.2024.3384421,direct,"指定团队负责人直接署名：Kai Niu, Ping Zhang",Beijing University of Posts and Telecommunications; Peng Cheng Laboratory,20,True,OpenAlex metadata; DOI verified in acquisition/validation stage,included,正式同行评审技术研究论文，主题与团队归属均满足,papers/2024_Liang_Orthogonal_Model_Division_Multiple_Access.pdf,downloaded,reused local corpus: kai-niu-semantic-communications\papers\Orthogonal_Model_Division_Multiple_Access.pdf,8ae1fe85d01552e50ddb3584cb06c6f48a0f049f0fe0128b956ccc3cafec16c9,15,fulltext_evidence_extracted,
rate-distortion-perception-controllable-joint-source-channel-coding-for-high-fidelity-generative-semantic-communications-2024,2024,Rate-Distortion-Perception Controllable Joint Source-Channel Coding for High-Fidelity Generative Semantic Communications,Kailin Tan; Jincheng Dai; Zhenyu Liu; Sixian Wang; Xiaoqi Qin; Wenjun Xu; Kai Niu; Ping Zhang,IEEE Transactions on Cognitive Communications and Networking,article,10.1109/tccn.2024.3511960,https://openalex.org/W4405092725,"End-to-end image transmission has recently become a crucial trend in intelligent wireless communications, driven by the increasing demand for high bandwidth efficiency. However, existing methods primarily optimize the trade-off between bandwidth cost and objective distortion, often failing to deliver visually pleasing results aligned with human perception. In this paper, we propose a novel rate-distortion-perception (RDP) jointly optimized joint source-channel coding (JSCC) framework to enhance perception quality in human communications. Our RDP-JSCC framework integrates a flexible plug-in conditional Generative Adversarial Networks (GANs) to provide detailed and realistic image reconstructions at the receiver, overcoming the limitations of traditional rate-distortion optimized solutions that typically produce blurry or poorly textured images. Based on this framework, we introduce a distortion-perception controllable transmission (DPCT) model, which addresses the variation in the perception-distortion trade-off. DPCT uses a lightweight spatial realism embedding module (SREM) to condition the generator on a realism map, enabling the customization of appearance realism for each image region at the receiver from a single transmission. Furthermore, for scenarios with scarce bandwidth, we propose an interest-oriented content-controllable transmission (CCT) model. CCT prioritizes the transmission of regions that attract user attention and generates other regions from an instance label map, ensuring both content consistency and appearance realism for all regions while proportionally reducing channel bandwidth costs. Comprehensive experiments demonstrate the superiority of our RDP-optimized image transmission framework over state-of-the-art engineered image transmission systems and advanced perceptual methods.",https://doi.org/10.1109/tccn.2024.3511960,direct,"指定团队负责人直接署名：Kai Niu, Ping Zhang",Beijing University of Posts and Telecommunications; University of Surrey,5,True,OpenAlex metadata; DOI verified in acquisition/validation stage,included,正式同行评审技术研究论文，主题与团队归属均满足,papers/2024_Tan_Rate_Distortion_Perception_Controllable_Joint_Source_Channel_Coding_for_High_Fidelity_Gene.pdf,downloaded,reused local corpus: controllable-semantic-communications\papers\2025_Tan_RDP_Controllable_JSCC_Generative_Semantic.pdf,c1f3ca84cb98415dbc1e3b89f93750b53d225de0391602b93347bbf27e536cf1,13,fulltext_evidence_extracted,
semantic-communications-for-multi-view-generation-2024,2024,Semantic Communications for Multi-View Generation,Hao Wei; Wanli Ni; Wenjun Xu; Wenchao Jiang; Dusit Niyato; Ping Zhang,IEEE Communications Letters,article,10.1109/lcomm.2024.3391909,https://openalex.org/W4395017666,"Semantic communication has shown great potential in efficiently accomplishing intelligent tasks. However, existing systems usually make a single-view decision in a deterministic manner while ignoring the intrinsic semantic noise caused by ambiguity. This may result in the misunderstanding during the exchange of semantic information. In this letter, we propose a novel probabilistic uncertainty coding (PUC) architecture to achieve versatile multi-view semantic communications with multiple outputs. Specifically, each feature region is characterized as a Gaussian distribution whose variance represents semantic uncertainty. Then, we leverage the Gaussian information bottleneck theory to jointly optimize the rate-distortion tradeoff between the semantic informativeness and inference performance. Moreover, we provide a semantic similarity metric to evaluate the accuracy of multi-view semantic communication. Considering the cross-modal task of semantic knowledge transfer, simulation results show that PUC outperforms conventional deterministic method and traditional separate transmissions. Due to its semantic-aware capability, the proposed PUC can make diverse yet plausible predictions in a highly reliable and low-latency manner.",https://doi.org/10.1109/lcomm.2024.3391909,direct,指定团队负责人直接署名：Ping Zhang,Beijing University of Posts and Telecommunications; National Engineering Research Center for Information Technology in Agriculture; Tsinghua University; Peng Cheng Laboratory; Singapore University of Technology and Design; Nanyang Technological University,2,True,OpenAlex metadata; DOI verified in acquisition/validation stage,included,正式同行评审技术研究论文，主题与团队归属均满足,papers/2024_Wei_Semantic_Communications_for_Multi_View_Generation.pdf,downloaded,reused local corpus: kai-niu-semantic-communications\papers\Semantic_Communications_for_Multi-View_Generation.pdf,1e87451aece6271e2e643ae9d0db18e1b2bf40e86ef45b82d7b949e6d9d23387,5,fulltext_evidence_extracted,
semantic-similarity-score-for-measuring-visual-similarity-at-semantic-level-2024,2024,Semantic Similarity Score for Measuring Visual Similarity at Semantic Level,Senran Fan; Zhicheng Bao; Chen Dong; Haotai Liang; Xiaodong Xu; Ping Zhang,IEEE Internet of Things Journal,article,10.1109/jiot.2024.3518543,https://openalex.org/W4405429592,"With the rapid development of Internet of Things (IoT) technology, more sensors are required to operate in complex channel scenarios and under limited communication resources. Semantic communication, as an emerging paradigm, extracts, transmits, and reconstructs information at the semantic level, offering advantages, such as high compression rates and strong noise resistance. These features are expected to find widespread application across various IoT scenarios. However, widely used image similarity evaluation metrics like peak signal-to-noise ratio and multiscale structural similarity index primarily focus on pixel or structural features, making it challenging to accurately measure the loss of semantic-level information during transmission. This limitation poses challenges for the performance evaluation of visual semantic communication systems and restricts the emergence of more novel and efficient systems. To address this issue, we propose a new semantic evaluation metric-semantic similarity score (SeSS). This metric is based on Scene Graph Generation and graph matching techniques, transforming image similarity scores into graph matching scores. By manually annotating thousands of image pairs, we fine-tuned the hyperparameters within SeSS to align it more closely with human semantic perception. The performance of SeSS has been tested across various image datasets and specific IoT visual tasks. Experimental results demonstrate the effectiveness of SeSS in measuring differences in semantic-level information between images, making it a valuable tool for evaluating visual semantic communication systems. This development is expected to encourage the emergence of more robust systems suited for diverse IoT scenarios. The code of SeSS is openly available on <uri xmlns:mml=""http://www.w3.org/1998/Math/MathML"" xmlns:xlink=""http://www.w3.org/1999/xlink"">https://github.com/FSR3340/Semantic_Similarty_ScoreGitHub</uri>.",https://doi.org/10.1109/jiot.2024.3518543,direct,指定团队负责人直接署名：Ping Zhang,Beijing University of Posts and Telecommunications,10,True,OpenAlex metadata; DOI verified in acquisition/validation stage,included,正式同行评审技术研究论文，主题与团队归属均满足,papers/2024_Fan_Semantic_Similarity_Score_for_Measuring_Visual_Similarity_at_Semantic_Level.pdf,downloaded,https://arxiv.org/pdf/2406.03865,59d2634100fa71a74c50c63b10b00c726780e869746a2324b835ab657a6e18c4,15,fulltext_evidence_extracted,
semantics-division-duplexing-a-novel-full-duplex-paradigm-2024,2024,Semantics-Division Duplexing: A Novel Full-Duplex Paradigm,Kai Niu; Zijian Liang; Chao Dong; Jincheng Dai; Zhongwei Si; Ping Zhang,IEEE Wireless Communications,article,10.1109/mwc.013.2300372,https://openalex.org/W4401387319,"In-band full-duplex (IBFD) is a theoretically effective solution to increase the overall throughput for the future wireless communications system by enabling transmission and reception over the same time-frequency resources. However, reliable source reconstruction remains a great challenge in the practical IBFD systems due to the non-ideal elimination of the self-interference and the inherent limitations of the separate source and channel coding methods. On the other hand, artificial intelligence-enabled semantic communication can provide a viable direction for the optimization of the IBFD system. This article introduces a novel IBFD paradigm with the guidance of semantic communication called semantics-division duplexing (SDD). It utilizes semantic domain processing to further suppress self-interference, distinguish the expected semantic information, and recover the desired sources. Further integration of the digital and semantic domain processing can be implemented so as to achieve intelligent and concise communications. We present the advantages of the SDD paradigm with theoretical explanations and provide visualized results to verify its effectiveness.",https://doi.org/10.1109/mwc.013.2300372,direct,"指定团队负责人直接署名：Kai Niu, Ping Zhang",Beijing University of Posts and Telecommunications,3,True,OpenAlex metadata; DOI verified in acquisition/validation stage,included,正式同行评审技术研究论文，主题与团队归属均满足,papers/2024_Niu_Semantics_Division_Duplexing_A_Novel_Full_Duplex_Paradigm.pdf,downloaded,https://arxiv.org/pdf/2312.08862,5117b7b6b81af696636ed11387496975930ab616a1df74496a2bc88562b34a68,9,fulltext_evidence_extracted,
source-value-based-resource-allocation-in-task-oriented-communications-2024,2024,Source Value-Based Resource Allocation in Task-Oriented Communications,Xiaoyu Chi; Shujun Han; Xiaodong Xu; Lin Li; Hui Wang; Xiaoqi Qin; Liang Jin; Ping Zhang,IEEE Internet of Things Journal,article,10.1109/jiot.2024.3430905,https://openalex.org/W4400810104,"With the explosive growth of communication requirements for real-time intelligent tasks, mobile communication is shifting from the traditional communication to task-oriented communication, where the transmitted data is shifting from undifferentiated transmission to value-oriented transmission. To maximize the value of transmitted data, it is urgent to match the source decisions with the task demands and wireless channel state. In this article, we focus on the joint source-channel optimization problem in task-oriented communication, and we design the timeliness-accuracy degradation (TAD) metric to measure the value of transmitted source. Moreover, we design a source value-based resource allocation scheme to minimize the TAD through joint optimization of task data generation and compression strategies, bandwidth allocation, and transmit power selection. Furthermore, to avoid the curse of dimensionality, we propose dimension-refined reinforcement learning (DRRL) algorithm to obtain the optimal solution of the problem in a stable and low-complexity manner. Numerical results demonstrate that the designed scheme can effectively improve the task performance and verify the low complexity and stability of the algorithm.",https://doi.org/10.1109/jiot.2024.3430905,direct,指定团队负责人直接署名：Ping Zhang,Beijing University of Posts and Telecommunications; Cloud Computing Center,4,True,OpenAlex metadata; DOI verified in acquisition/validation stage,included,正式同行评审技术研究论文，主题与团队归属均满足,papers/2024_Chi_Source_Value_Based_Resource_Allocation_in_Task_Oriented_Communications.pdf,downloaded,reused local corpus: kai-niu-semantic-communications\papers\Source_Value-Based_Resource_Allocation_in_Task-Oriented_Communications.pdf,a231bf5dfb29b3e17af7e7e93e1adaa835e9c6f33f79cdac0727f28bbf9994bd,14,fulltext_evidence_extracted,
synchronization-mechanism-preliminary-attempt-to-enable-wireless-semantic-communication-with-heterogeneous-knowledge-bas-2024,2024,Synchronization Mechanism: Preliminary Attempt to Enable Wireless Semantic Communication With Heterogeneous Knowledge Bases,Xiaodong Xu; Zhiqiang Bian; Bizhu Wang; Yue Chen; Shujun Han; Chen Sun; Wenqi Zhang; Ping Zhang,IEEE Communications Letters,article,10.1109/lcomm.2024.3412811,https://openalex.org/W4399527353,"Despite the potential of semantic communication for 6G, the assumption of homogeneous knowledge bases (KBs) between communication parties cannot be guaranteed. The heterogeneity of KBs (KB-heterogeneity) degrades performance. Therefore, this letter proposes a communication-efficient synchronization mechanism to mitigate the performance degradation level (PDL) caused by KB-heterogeneity, especially the varied data distribution. The proposed mechanism re-frames the problem as an estimation problem of the source model, involving transmitting the semantic information of shared data as a ‘synchronization (sync) signal’ before data transmission. Furthermore, the letter introduces Sync-signal-driven model estimation (SSME) and data-model iterative optimization (DAMIO) synchronization algorithms to utilize the sync signal for source model estimation. Compared with SSME, DAMIO improves source model estimation accuracy, when shared data and source data have significantly different distributions. Experimental results demonstrate that the proposed mechanism and algorithms effectively reduce PDL in both intra-group and inter-group KB-heterogeneity scenarios, while still meeting wireless resource constraints.",https://doi.org/10.1109/lcomm.2024.3412811,direct,指定团队负责人直接署名：Ping Zhang,Beijing University of Posts and Telecommunications; Sony (China),6,True,OpenAlex metadata; DOI verified in acquisition/validation stage,included,正式同行评审技术研究论文，主题与团队归属均满足,papers/2024_Xu_Synchronization_Mechanism_Preliminary_Attempt_to_Enable_Wireless_Semantic_Communication_Wi.pdf,downloaded,reused local corpus: kai-niu-semantic-communications\papers\Synchronization_Mechanism_Preliminary_Attempt_to_Enable_Wireless_Semantic_Communication_With_Heterogeneous_Knowledge_Bases.pdf,151791415f18255b0af7177e6bf47b471faf6b8a1220b1a1e2f1ab3fc37c9d96,5,fulltext_evidence_extracted,
td-plc-a-semantic-aware-speech-encoding-for-improved-packet-loss-concealment-2024,2024,TD-PLC: A Semantic-Aware Speech Encoding for Improved Packet Loss Concealment,Jinghong Zhang; Zugang Zhao; Yonghui Liu; Jianbing Liu; Zhiqiang He; Kai Niu,Interspeech 2024,proceedings-article,10.21437/interspeech.2024-823,,,https://doi.org/10.21437/interspeech.2024-823,direct,补充数据库轮次核验：指定负责人直接署名（Kai Niu）；Crossref/DBLP 正式 DOI 元数据。,,3,True,Crossref/DBLP late-index audit; DOI publisher record,included_late_indexed,补充数据库检索发现的正式同行评审技术论文；通过负责人直接署名、年份、DOI、主题和文献类型核验,papers/2024_Zhang_TD_PLC_A_Semantic_Aware_Speech_Encoding_for_Improved_Packet_Loss_Concealment.pdf,downloaded,reused local corpus: kai-niu-semantic-communications\papers\TD_PLC_A_Semantic_Aware_Speech_Encoding_for_Improved_Packet_Loss_Concealment.pdf,94754af84214ac7e045a84cc0ad2775a4ddb22ec07bf20d121b64c28a73928bb,5,fulltext_evidence_extracted,
towards-task-scalable-semantic-communications-a-preprocessing-enhanced-image-transmission-framework-2024,2024,Towards Task-Scalable Semantic Communications: A Preprocessing Enhanced Image Transmission Framework,Yanpeng Lu; Kai Niu; Jincheng Dai,,article,10.1109/wcsp62071.2024.10827630,https://openalex.org/W4406356653,"Recently, more and more images are transmitted to the receiver for the machine analysis tasks instead of purely for the human-vision task. However, most current machine-type semantic communication systems are optimized towards a specific task or a given set of tasks, without considering the scalability to new tasks. In this work, we propose a preprocessing enhanced image semantic communication system to address this challenge. Instead of optimizing directly towards a specific task, our system first optimizes a neural codec for preserving the holistic image information under the trade-off between bandwidth and distortion. Then, we reveal that the performance drop on the primary task can be ascribed to a lack of generalization of the task head to images with overall artifacts caused by compression and noisy channels. Accordingly, by finetuning a preprocessing module based on the pretrained neural codec under the trade-off between task accuracy and distortion, most loss on the primary task accuracy can be recovered with a trivial degradation on distortion, in this way, the task-scalable ability can also be preserved well due to the high quality on the holistic image. Experiments verify the effectiveness of our method in driving the primary task and the scalability to new tasks.",https://doi.org/10.1109/wcsp62071.2024.10827630,direct,指定团队负责人直接署名：Kai Niu,Beijing University of Posts and Telecommunications,1,True,OpenAlex metadata; DOI verified in acquisition/validation stage,included,正式同行评审技术研究论文，主题与团队归属均满足,papers/2024_Lu_Towards_Task_Scalable_Semantic_Communications_A_Preprocessing_Enhanced_Image_Transmission_.pdf,downloaded,reused local corpus: kai-niu-semantic-communications\papers\Towards_Task-Scalable_Semantic_Communications_A_Preprocessing_Enhanced_Image_Transmission_Framework.pdf,05cf0628c48481626b6dcbe7eb5392d946ce9546eb7d9574a8a1f05077ee8da0,6,fulltext_evidence_extracted,
adaptive-cross-modal-super-resolution-semantic-communication-for-mobile-ai-generated-panoramic-video-2025,2025,Adaptive Cross-Modal Super-Resolution Semantic Communication for Mobile AI-Generated Panoramic Video,Haixiao Gao; Mengying Sun; Xiaodong Xu; Xiqi Cheng; Shujun Han; Ping Zhang,IEEE Transactions on Cognitive Communications and Networking,article,10.1109/tccn.2025.3561304,https://openalex.org/W4409494267,,https://doi.org/10.1109/tccn.2025.3561304,direct,指定团队负责人直接署名：Ping Zhang,Beijing University of Posts and Telecommunications,5,True,OpenAlex metadata; DOI verified in acquisition/validation stage,included,正式同行评审技术研究论文，主题与团队归属均满足,papers/2025_Gao_Adaptive_Cross_Modal_Super_Resolution_Semantic_Communication_for_Mobile_AI_Generated_Panor.pdf,downloaded,reused local corpus: kai-niu-semantic-communications\papers\Adaptive_Cross-Modal_Super-Resolution_Semantic_Communication_for_Mobile_AI-Generated_Panoramic_Video.pdf,90703a5cd963af2da6dd6afca448ec51fb41f0c50168a2d5ac79a594bedadcdf,16,fulltext_evidence_extracted,
adaptive-source-channel-coding-for-semantic-communications-over-parallel-gaussian-channels-2025,2025,Adaptive Source-Channel Coding for Semantic Communications over Parallel Gaussian Channels,Dongxu Li; Kai Yuan; Jianhao Huang; Chuan Huang; Xiaoqi Qin; Shuguang Cui; Ping Zhang,GLOBECOM 2025 - 2025 IEEE Global Communications Conference,proceedings-article,10.1109/globecom59602.2025.11432345,,,https://doi.org/10.1109/globecom59602.2025.11432345,direct,补充数据库轮次核验：指定负责人直接署名（Ping Zhang）；Crossref/DBLP 正式 DOI 元数据。,,1,True,Crossref/DBLP late-index audit; DOI publisher record,included_late_indexed,补充数据库检索发现的正式同行评审技术论文；通过负责人直接署名、年份、DOI、主题和文献类型核验,papers/2025_Li_Adaptive_Source_Channel_Coding_for_Semantic_Communications_over_Parallel_Gaussian_Channels.pdf,downloaded,https://arxiv.org/pdf/2508.07958,4a385e568e7b5d546dbdfece2470a5a69cf62b32d942963944e5164c385cea79,14,fulltext_evidence_extracted,
collaborate-for-real-time-gain-semantic-based-robotic-communication-in-3d-object-tracking-2025,2025,Collaborate for Real-Time Gain: Semantic-Based Robotic Communication in 3D Object Tracking,Junming Shao; Xiaoqi Qin; Jian Gao; Yanlin Li; Liang Xin; Ping Zhang,IEEE Transactions on Mobile Computing,article,10.1109/tmc.2025.3559584,,,https://doi.org/10.1109/tmc.2025.3559584,direct,补充数据库轮次核验：指定负责人直接署名（Ping Zhang）；Crossref/DBLP 正式 DOI 元数据。,,1,True,Crossref/DBLP late-index audit; DOI publisher record,included_late_indexed,补充数据库检索发现的正式同行评审技术论文；通过负责人直接署名、年份、DOI、主题和文献类型核验,papers/2025_Shao_Collaborate_for_Real_Time_Gain_Semantic_Based_Robotic_Communication_in_3D_Object_Tracking.pdf,downloaded,reused local corpus: kai-niu-semantic-communications\papers\Collaborate_for_Real-Time_Gain_Semantic-Based_Robotic_Communication_in_3D_Object_Tracking.pdf,c33525175fb5b9b1566df877f0d80458276338ed43f440ae1d56c8bc16c242b3,14,fulltext_evidence_extracted,
cross-layer-encrypted-semantic-communication-framework-for-panoramic-video-transmission-2025,2025,Cross-Layer Encrypted Semantic Communication Framework for Panoramic Video Transmission,Haixiao Gao; Mengying Sun; Xiaodong Xu; Bingxuan Xu; Shujun Han; Bizhu Wang; Sheng Jiang; Chen Dong; Ping Zhang,IEEE Internet of Things Journal,article,10.1109/jiot.2025.3592181,https://openalex.org/W4412719040,"Compatibility between semantic communication and traditional mobile communication systems remains a significant challenge. Therefore, we propose a cross-layer encrypted semantic communication (CLESC) framework for panoramic video transmission, incorporating feature extraction, encoding, encryption, cyclic redundancy check (CRC), and retransmission processes to achieve compatibility between semantic communication and traditional communication systems. Additionally, we propose an adaptive cross-layer transmission mechanism that dynamically adjusts CRC, channel coding, and retransmission schemes based on the importance of semantic information. This mechanism ensures that important information is prioritized under poor transmission conditions. To verify the aforementioned framework, we design an end-to-end adaptive panoramic video semantic transmission (APVST) network that leverages a deep joint source-channel coding (JSCC) structure and attention mechanism, integrated with a latitude adaptive module that facilitates adaptive semantic feature extraction and variable-length encoding of panoramic videos. Simulation results demonstrate that the proposed CLESC framework effectively achieves compatibility and adaptability between semantic and traditional communication systems, significantly enhancing channel robustness. Compared to traditional and artificial intelligence (AI)-based video source coding transmission schemes, our proposed CLESC achieves superior transmission performance under low signal-to-noise ratio (SNR) conditions.",https://doi.org/10.1109/jiot.2025.3592181,direct,指定团队负责人直接署名：Ping Zhang,Beijing University of Posts and Telecommunications,3,True,OpenAlex metadata; DOI verified in acquisition/validation stage,included,正式同行评审技术研究论文，主题与团队归属均满足,papers/2025_Gao_Cross_Layer_Encrypted_Semantic_Communication_Framework_for_Panoramic_Video_Transmission.pdf,downloaded,reused local corpus: kai-niu-semantic-communications\papers\Cross-Layer_Encrypted_Semantic_Communication_Framework_for_Panoramic_Video_Transmission.pdf,80b98c9db23c110e8f29525dd0d6eff09e6564640f711dcf1d56452f83638fd5,18,fulltext_evidence_extracted,
diffcom-channel-received-signal-is-a-natural-condition-to-guide-diffusion-posterior-sampling-2025,2025,DiffCom: Channel Received Signal Is a Natural Condition to Guide Diffusion Posterior Sampling,Sixian Wang; Jincheng Dai; Kailin Tan; Xiaoqi Qin; Kai Niu; Ping Zhang,IEEE Journal on Selected Areas in Communications,article,10.1109/jsac.2025.3559158,https://openalex.org/W4409310578,"End-to-end visual communication systems typically optimize a trade-off between channel bandwidth costs and signal-level distortion metrics. However, under challenging physical conditions, this traditional coding and transmission paradigm often results in unrealistic reconstructions with perceptible blurring and aliasing artifacts, despite the inclusion of perceptual or adversarial losses for optimizing. This issue primarily stems from the receiver’s limited knowledge about the underlying data manifold and the use of deterministic decoding mechanisms. To address these limitations, this paper introduces <italic xmlns:mml=""http://www.w3.org/1998/Math/MathML"" xmlns:xlink=""http://www.w3.org/1999/xlink"">DiffCom</i>, a novel end-to-end <italic xmlns:mml=""http://www.w3.org/1998/Math/MathML"" xmlns:xlink=""http://www.w3.org/1999/xlink"">generative communication</i> paradigm that utilizes off-the-shelf generative priors and probabilistic diffusion models for decoding, thereby improving perceptual quality without heavily relying on bandwidth costs and received signal quality. Unlike traditional systems that rely on deterministic decoders optimized solely for distortion metrics, our <italic xmlns:mml=""http://www.w3.org/1998/Math/MathML"" xmlns:xlink=""http://www.w3.org/1999/xlink"">DiffCom</i> leverages raw channel-received signal as a fine-grained condition to guide stochastic posterior sampling. Our approach ensures that reconstructions remain on the manifold of real data with a novel confirming constraint, enhancing the robustness and reliability of the generated outcomes. Furthermore, <italic xmlns:mml=""http://www.w3.org/1998/Math/MathML"" xmlns:xlink=""http://www.w3.org/1999/xlink"">DiffCom</i> incorporates a blind posterior sampling technique to address scenarios with unknown forward transmission characteristics. Extensive experimental validations demonstrate that <italic xmlns:mml=""http://www.w3.org/1998/Math/MathML"" xmlns:xlink=""http://www.w3.org/1999/xlink"">DiffCom</i> not only produces realistic reconstructions with details faithful to the original data but also achieves superior robustness against diverse wireless transmission degradations. Collectively, these advancements establish <italic xmlns:mml=""http://www.w3.org/1998/Math/MathML"" xmlns:xlink=""http://www.w3.org/1999/xlink"">DiffCom</i> as a new benchmark in designing generative communication systems that offer enhanced robustness and generalization superiorities.",https://doi.org/10.1109/jsac.2025.3559158,direct,"指定团队负责人直接署名：Kai Niu, Ping Zhang",Beijing University of Posts and Telecommunications,15,True,OpenAlex metadata; DOI verified in acquisition/validation stage,included,正式同行评审技术研究论文，主题与团队归属均满足,papers/2025_Wang_DiffCom_Channel_Received_Signal_Is_a_Natural_Condition_to_Guide_Diffusion_Posterior_Sampli.pdf,downloaded,https://arxiv.org/pdf/2406.07390,a17dc3224f7e3dc3ac73837bf88ee937fcbd7877c0720a2c6ca250a9bd033d84,16,fulltext_evidence_extracted,
efficient-semantic-aware-encryption-for-semantic-communication-in-intelligent-connected-vehicles-2025,2025,Efficient Semantic-Aware Encryption for Semantic Communication in Intelligent Connected Vehicles,Bizhu Wang; Zhiqiang Bian; Yue Chen; Xiaodong Xu; Chen Sun; Wenqi Zhang; Ping Zhang,IEEE Wireless Communications Letters,article,10.1109/lwc.2025.3595855,https://openalex.org/W4412985145,"Semantic communication (SemCom) significantly improves inter-vehicle interactions in intelligent connected vehicles (ICVs) within limited wireless spectrum. However, the open nature of wireless communications introduces eavesdropping risks. To mitigate this, we propose the Efficient Semantic-aware Encryption (ESAE) mechanism. By integrating cryptography into SemCom, ESAE enables secure semantic information transmission with minimal key transmission overhead. ESAE leverages semantic reciprocity between source and reconstructed information from past communications to independently generate session keys at both ends, reducing key transmission costs and associated security risks. Additionally, ESAE introduces a semantic-aware key pre-processing method (SA-KP) using the YOLO-v10 model to extract consistent semantics from bit-level diverse yet semantically identical content, ensuring key consistency. Experimental results confirm ESAE’s superiority in efficiency and security over existing schemes under diverse wireless conditions, with key performance factors analyzed.",https://doi.org/10.1109/lwc.2025.3595855,direct,指定团队负责人直接署名：Ping Zhang,Beijing University of Posts and Telecommunications; Sony (China),2,True,OpenAlex metadata; DOI verified in acquisition/validation stage,included,正式同行评审技术研究论文，主题与团队归属均满足,papers/2025_Wang_Efficient_Semantic_Aware_Encryption_for_Semantic_Communication_in_Intelligent_Connected_Ve.pdf,downloaded,reused local corpus: kai-niu-semantic-communications\papers\Efficient_Semantic-Aware_Encryption_for_Semantic_Communication_in_Intelligent_Connected_Vehicles.pdf,3fdfb9566ced4cea3a4aaab02c82fc4312dbe2abeffeb98465fbc6099fcbb354,5,fulltext_evidence_extracted,
efficient-video-semantic-transmission-needs-generative-latent-priors-2025,2025,Efficient Video Semantic Transmission Needs Generative Latent Priors,Sixian Wang; Jincheng Dai; Haotong Cao; Guo Lu; Kai Niu; Wenjun Xu; Wenjun Zhang; Ping Zhang,2025 Seventeenth International Conference on Wireless Communications and Signal Processing (WCSP),proceedings-article,10.1109/wcsp68525.2025.1010507,,,https://doi.org/10.1109/wcsp68525.2025.1010507,direct,"补充数据库轮次核验：指定负责人直接署名（Kai Niu, Ping Zhang）；Crossref/DBLP 正式 DOI 元数据。",,0,True,Crossref/DBLP late-index audit; DOI publisher record,included_late_indexed,补充数据库检索发现的正式同行评审技术论文；通过负责人直接署名、年份、DOI、主题和文献类型核验,papers/2025_Wang_Efficient_Video_Semantic_Transmission_Needs_Generative_Latent_Priors.pdf,downloaded,reused local corpus: kai-niu-semantic-communications\papers\Efficient_Video_Semantic_Transmission_Needs_Generative_Latent_Priors.pdf,556ae13695a2d800a3b38dff29692cacb15cb1775bfb012fa6ccc4fcb0f58a01,7,fulltext_evidence_extracted,
explicit-semantic-base-empowered-communications-for-6g-mobile-networks-2025,2025,Explicit Semantic-Base-Empowered Communications for 6G Mobile Networks,Fengyu Wang; Yuan Zheng; Wenjun Xu; Junxiao Liang; Ping Zhang; Zhu Han,Engineering,article,10.1016/j.eng.2025.08.039,https://openalex.org/W4414107043,"Increasing demands for massive data transmission pose significant challenges to communication systems. Compared with traditional communication systems that focus on the accurate reconstruction of bit sequences, semantic communications (SemComs), which aim to deliver information connotation, are regarded as a key technology for sixth-generation (6G) mobile networks. Most current SemComs utilize an end-to-end (E2E) trained neural network (NN) for semantic extraction and interpretation, which lacks interpretability for further optimization. Moreover, NN-based SemComs assume that the application and physical layers of the protocol stack can be jointly trained, which is incompatible with current digital communication systems. To overcome those drawbacks, we propose a SemCom system that employs explicit semantic bases (Sebs) as the basic units to represent semantic connotations. First, a mathematical model of Sebs is proposed to build an explicit knowledge base (KB). Then, the Seb-based SemCom architecture is proposed, including both a communication mode and a KB update mode to enable the evolution of communication systems. Sem-codec and channel codec modules are designed specifically, with the assistance of an explicit KB for the efficient and robust transmission of semantics. Moreover, unequal error protection (UEP) is strategically implemented, considering communication intent and the importance of Sebs, thereby ensuring the reliability of critical semantics. In addition, a Seb-based SemCom protocol stack that is compatible with the fifth-generation (5G) protocol stack is proposed. To assess the effectiveness and compatibility of the proposed Seb-based SemComs, a case study focusing on an image-transmission task is conducted. The simulations show that our Seb-based SemComs outperform state-of-the-art works in learned perceptual image patch similarity (LPIPS) by over 20% under varying communication intents and exhibit robustness under fluctuating channel conditions, highlighting the advantages of the interpretability and flexibility afforded by explicit Sebs.",https://doi.org/10.1016/j.eng.2025.08.039,direct,指定团队负责人直接署名：Ping Zhang,Beijing University of Posts and Telecommunications; University of Houston,3,True,OpenAlex metadata; DOI verified in acquisition/validation stage,included,正式同行评审技术研究论文，主题与团队归属均满足,papers/2025_Wang_Explicit_Semantic_Base_Empowered_Communications_for_6G_Mobile_Networks.pdf,downloaded,https://arxiv.org/pdf/2408.05596,e490c0e4e7bd90d5c7830ae8aa6348bce9913a121c7e933a3e7459e7fbcba30c,11,fulltext_evidence_extracted,
importance-aware-robust-semantic-transmission-for-leo-satelliteground-communication-2025,2025,Importance-Aware Robust Semantic Transmission for LEO Satellite–Ground Communication,Cao Hui; Rui Meng; Xiaodong Xu; Shujun Han; Ping Zhang,IEEE Internet of Things Journal,article,10.1109/jiot.2025.3645361,https://openalex.org/W4417469988,"Satellite-ground semantic communication is anticipated to serve a critical role in the forthcoming sixth-generation (6G) mobile networks. Nonetheless, task-oriented data transmission in such systems remains a formidable challenge, primarily due to the dynamic nature of Signal-to-Noise Ratio (SNR) fluctuations and the stringent bandwidth limitations inherent to Low Earth Orbit (LEO) satellite channels. In response to these constraints, we propose an Importance-Aware Robust Semantic Transmission (IRST) framework, specifically designed for scenarios characterized by bandwidth scarcity and channel variability. The IRST scheme begins by applying a segmentation model enhancement algorithm to improve the granularity and accuracy of semantic segmentation. Subsequently, a task-driven semantic selection method is employed to prioritize the transmission of semantically vital content based on real-time Channel State Information (CSI). Furthermore, the framework incorporates a stack-based, SNR-aware channel codec capable of executing adaptive channel coding in alignment with SNR variations. Comparative evaluations across diverse operating conditions demonstrate the superior performance and resilience of the IRST model relative to existing benchmarks. The code is available at https://github.com/lightwindy-ch/IRST.git.",https://doi.org/10.1109/jiot.2025.3645361,direct,指定团队负责人直接署名：Ping Zhang,Beijing University of Posts and Telecommunications,2,True,OpenAlex metadata; DOI verified in acquisition/validation stage,included,正式同行评审技术研究论文，主题与团队归属均满足,papers/2025_Hui_Importance_Aware_Robust_Semantic_Transmission_for_LEO_Satellite_Ground_Communication.pdf,downloaded,https://arxiv.org/pdf/2508.11457,015bbb3e6502dde4a63c9678225dc14803a168cbdd4bf03506a8793db5ebb56c,17,fulltext_evidence_extracted,
in-band-full-duplex-system-for-semantic-communication-2025,2025,In-Band Full-Duplex System for Semantic Communication,Mengran Shi; Haotai Liang; Chen Dong; Xiaodong Xu; Rui Meng; Ping Zhang,IEEE Internet of Things Journal,article,10.1109/jiot.2025.3598151,https://openalex.org/W4413157553,"Driven by the severe self-interference (SI) in in-band full-duplex (IBFD) technologies, which creates extremely harsh communication environments, addressing this challenge has become a critical research focus. Semantic communication technologies, meanwhile, exhibit significant advantages in constrained environments by enabling efficient information transmission with reduced data volume and optimized bandwidth utilization. This article proposes an in-band full-duplex semantic communication (IBFD-SC), which combines IBFD with semantic communication to save transmission volume and improve spectral efficiency. The system incorporates a semantic importance mechanism, which is merged with radio frequency (RF) communication links. A semantic importance mapping module is introduced to map semantic symbols to baseband signals, considering both channel conditions and the significance of semantic symbols. Additionally, a nonlinear interference cancellation method is designed to eliminate SI, ensuring the integrity and reliability of key semantic information during communication. Experimental results demonstrate that the integration of semantic importance effectively mitigates interference and improves communication performance, particularly under low signal to interference plus noise ratio (SINR) conditions.",https://doi.org/10.1109/jiot.2025.3598151,direct,指定团队负责人直接署名：Ping Zhang,Beijing University of Posts and Telecommunications,0,True,OpenAlex metadata; DOI verified in acquisition/validation stage,included,正式同行评审技术研究论文，主题与团队归属均满足,papers/2025_Shi_In_Band_Full_Duplex_System_for_Semantic_Communication.pdf,downloaded,reused local corpus: kai-niu-semantic-communications\papers\In-Band_Full-Duplex_System_for_Semantic_Communication.pdf,ee04e422e7f19fea0ea81ad4af17b4ab844278d64c6e78188a10f3662e6231bc,18,fulltext_evidence_extracted,
llm-empowered-semantic-communication-for-multi-task-3d-scene-understanding-in-low-altitude-economy-networks-2025,2025,LLM-Empowered Semantic Communication for Multi-Task 3D Scene Understanding in Low-Altitude Economy Networks,Jiawei Wang; Yang Tian; Junjie Li; Haofeng Sun; Hui Tian; Ping Zhang,IEEE Transactions on Cognitive Communications and Networking,article,10.1109/tccn.2025.3642880,https://openalex.org/W4417251999,"The rapid expansion of aerial vehicle applications in the low-altitude economy (LAE) requires reliable scene understanding to support safe and effective urban operations. However, existing 2D-based methods suffer from depth errors and occlusion, while direct 3D data transmission incurs unsustainable communication costs. Although semantic communication (SemCom) offers a promising alternative by transmitting only task-relevant features, its application to 3D scene understanding remains largely unexplored. To address these issues, we propose a task-oriented SemCom framework (TASC-3D), aiming to enhance 3D scene understanding in LAE networks. Specifically, TASC-3D integrates a hybrid encoder for effective scene representation, a diffusion model for enhanced noise resilience, and a large language model (LLM) to interpret high-level semantics into executable commands. A key challenge lies in the effective encoding of complex 3D environments, which fundamentally differs from 2D scenes due to the inherent structure and spatial complexity. To tackle this challenge, we introduce an object-level hybrid encoder that fuses geometric and visual semantics to provide a comprehensive and compact representation of 3D scenes. Then, an adaptive-rate channel denoising module is proposed for robust semantic transmission under fluctuating wireless conditions. Furthermore, to support multiple 3D perception tasks within a unified framework, we leverage an LLM to implement a unified multi-task formulation. Extensive experiments demonstrate that TASC-3D outperforms baseline methods in compression efficiency, transmission robustness, and downstream tasks accuracy, highlighting its potential for enabling practical 3D semantic communication in LAE aerial applications.",https://doi.org/10.1109/tccn.2025.3642880,direct,指定团队负责人直接署名：Ping Zhang,Beijing University of Posts and Telecommunications,0,True,OpenAlex metadata; DOI verified in acquisition/validation stage,included,正式同行评审技术研究论文，主题与团队归属均满足,papers/2025_Wang_LLM_Empowered_Semantic_Communication_for_Multi_Task_3D_Scene_Understanding_in_Low_Altitude.pdf,downloaded,reused local corpus: kai-niu-semantic-communications\papers\LLM-Empowered_Semantic_Communication_for_Multi-Task_3D_Scene_Understanding_in_Low-Altitude_Economy_Networks.pdf,9d7826b577282d17fa5b4c5a9db29a1df9c9376f6f5ea50abdcbb1e13d0ba899,15,fulltext_evidence_extracted,
learnable-residual-based-latent-denoising-in-semantic-communication-2025,2025,Learnable Residual-Based Latent Denoising in Semantic Communication,Mingkai Xu; Yongpeng Wu; Yuxuan Shi; Xiang‐Gen Xia; Wenjun Zhang; Ping Zhang,IEEE Wireless Communications Letters,article,10.1109/lwc.2025.3542811,https://openalex.org/W4407691850,"A latent denoising semantic communication (SemCom) framework is proposed for robust image transmission over noisy channels. By incorporating a learnable latent denoiser into the receiver, the received signals are preprocessed to effectively remove the channel noise and recover the semantic information, thereby enhancing the quality of the decoded images. Specifically, a latent denoising mapping is established by an iterative residual learning approach to improve the denoising efficiency while ensuring stable performance. Moreover, channel signal-to-noise ratio (SNR) is utilized to estimate and predict the latent similarity score (SS) for conditional denoising, where the number of denoising steps is adapted based on the predicted SS sequence, further reducing the communication latency. Finally, simulations demonstrate that the proposed framework can effectively and efficiently remove the channel noise at various levels and reconstruct visual-appealing images.",https://doi.org/10.1109/lwc.2025.3542811,direct,指定团队负责人直接署名：Ping Zhang,Shanghai Jiao Tong University; University of Delaware; Beijing University of Posts and Telecommunications,2,True,OpenAlex metadata; DOI verified in acquisition/validation stage,included,正式同行评审技术研究论文，主题与团队归属均满足,papers/2025_Xu_Learnable_Residual_Based_Latent_Denoising_in_Semantic_Communication.pdf,downloaded,https://arxiv.org/pdf/2502.07319,b8f61220156ded318efa5640a4eb42f1ebcf2a1f8a793b11367041e0adb36185,5,fulltext_evidence_extracted,
learning-based-task-centric-multi-user-semantic-communication-solution-for-vehicle-networks-2025,2025,Learning-Based Task-Centric Multi-User Semantic Communication Solution for Vehicle Networks,Yifan Yuan; Jingxuan Zhang; Xiaodong Xu; Bizhu Wang; Shujun Han; Mengying Sun; Ping Zhang,IEEE Transactions on Vehicular Technology,article,10.1109/tvt.2025.3541019,https://openalex.org/W4407574982,"With the application of 5G in in-vehicle network scenarios, the inevitable crisis of scarcity of communication resources is deepening. At the same time, considering the high demands for communication delay in vehicular network scenarios, it is essential to meet the requirements for reliable information transmission in high-speed mobility environments. To address these issues, we propose the Task-Centric Multi-User Semantic Communication (TCMSC) solution, designed to meet the energy consumption and transmission time delay requirements in line with the new paradigm of semantic communication. Our solution introduces a task-centric semantic processing model aimed at improving Semantic Spectral Efficiency (S-SE). The TCMSC solution is tailored for multi-service vehicle scenarios, optimizing power consumption and enhancing reliability, making it well-suited for challenging environments. Moreover, we propose a novel method using Stochastic Network Calculus (SNC) to accurately model semantic task delay and calculate the upper bound of Vehicle-to-Infrastructure (V2I) delay-bound violation probability. However, to tackle the increased optimization complexity from SNC while simultaneously enhancing feature extraction, we propose the Transformer Advantage Actor Critic (TR-A2C) algorithm. This algorithm leverages the Transformer to capture dynamic vehicle parameters across scenarios, accelerating the TCMSC solution. Experimental results demonstrate that, compared to traditional single-service vehicle dispatch, TCMSC improves delay violation probability by <inline-formula xmlns:mml=""http://www.w3.org/1998/Math/MathML"" xmlns:xlink=""http://www.w3.org/1999/xlink""><tex-math notation=""LaTeX"">${2.88\%}$</tex-math></inline-formula> and reduces power consumption by <inline-formula xmlns:mml=""http://www.w3.org/1998/Math/MathML"" xmlns:xlink=""http://www.w3.org/1999/xlink""><tex-math notation=""LaTeX"">${31.1\%}$</tex-math></inline-formula>, all while effectively enhancing S-SE in complex traffic environments.",https://doi.org/10.1109/tvt.2025.3541019,direct,指定团队负责人直接署名：Ping Zhang,Beijing University of Posts and Telecommunications; University of Science and Technology Beijing,5,True,OpenAlex metadata; DOI verified in acquisition/validation stage,included,正式同行评审技术研究论文，主题与团队归属均满足,papers/2025_Yuan_Learning_Based_Task_Centric_Multi_User_Semantic_Communication_Solution_for_Vehicle_Network.pdf,downloaded,reused local corpus: kai-niu-semantic-communications\papers\Learning-Based_Task-Centric_Multi-User_Semantic_Communication_Solution_for_Vehicle_Networks.pdf,311b5f178409217063f4c34953594d6cb94a32c559ba94e63a377a76384d9698,15,fulltext_evidence_extracted,
model-hopping-semantic-communication-system-for-a-reliable-and-secure-transmission-2025,2025,Model-Hopping Semantic Communication System for a Reliable and Secure Transmission,Hongchao Jiang; Chen Dong; Haotai Liang; Xiaodong Xu; Yucheng Liu; Zhe Zheng; Ping Zhang,IEEE Transactions on Information Forensics and Security,article,10.1109/tifs.2025.3616625,,,https://doi.org/10.1109/tifs.2025.3616625,direct,补充数据库轮次核验：指定负责人直接署名（Ping Zhang）；Crossref/DBLP 正式 DOI 元数据。,,2,True,Crossref/DBLP late-index audit; DOI publisher record,included_late_indexed,补充数据库检索发现的正式同行评审技术论文；通过负责人直接署名、年份、DOI、主题和文献类型核验,papers/2025_Jiang_Model_Hopping_Semantic_Communication_System_for_a_Reliable_and_Secure_Transmission.pdf,downloaded,reused local corpus: kai-niu-semantic-communications\papers\Model-Hopping_Semantic_Communication_System_for_a_Reliable_and_Secure_Transmission.pdf,46011a3bbfd53005c21d9fd3ecfc4b8efc3d0a668f0030a3dcf0aab1256000a2,16,fulltext_evidence_extracted,
multitask-semantic-communication-a-mutual-information-aided-semi-supervised-approach-2025,2025,Multitask Semantic Communication: A Mutual Information-Aided Semi-Supervised Approach,Yining Wang; Wenqiang Yi; Shujun Han; Xiaodong Xu; Ping Zhang; Arumugam Nallanathan,IEEE Internet of Things Journal,article,10.1109/jiot.2025.3607792,https://openalex.org/W4414165919,"In this article, we design an end-to-end digital semantic communication system to transmit semantic symbols that simultaneously facilitate image classification tasks and reconstruction tasks. By training a mutual information-assisted joint source-channel coding (MIJSCC) framework, the learned semantic representation can incorporate both pixel-level generative information for reconstruction and structural discriminative information for classification, which are obtained label-free via global and local mutual information estimation and maximization, as well as mean-square error (MSE) minimization. Then, the high-resolution semantic representation is quantized into finite constellation symbols to satisfy the hardware constraint on discrete control in practical radio frequency systems. Considering dynamic channel conditions in practical communication systems, we further design an adaptive MIJSCC (A-MIJSCC) framework with attention-based semantic enhancement (A-MIJSCC), which allows for the sequential activation of varying dimensions of the semantic representation according to channel signal-to-noise ratio. Compared to existing semantic communication frameworks that are dominated by end target and labels, the MIJSCC addresses the semi-supervised learning of intermediate semantics. Simulation results show that the proposed MIJSCC supports both image classification and reconstruction via task-agnostic semantic extraction, whose performance surpasses the benchmark frameworks. It is also demonstrated that the A-MIJSCC method facilitates the adaptive semantic transmission under varying channel conditions, which effectively reduces the transmission overhead while preserving task performance.",https://doi.org/10.1109/jiot.2025.3607792,direct,指定团队负责人直接署名：Ping Zhang,Beijing University of Posts and Telecommunications; University of Essex; Queen Mary University of London,1,True,OpenAlex metadata; DOI verified in acquisition/validation stage,included,正式同行评审技术研究论文，主题与团队归属均满足,papers/2025_Wang_Multitask_Semantic_Communication_A_Mutual_Information_Aided_Semi_Supervised_Approach.pdf,downloaded,reused local corpus: kai-niu-semantic-communications\papers\Multitask_Semantic_Communication_A_Mutual_Information-Aided_Semi-Supervised_Approach.pdf,2d2e0cef41b19ee3a42436e2e016b3901f67231fd7042bd833efb51af70d3c0a,17,fulltext_evidence_extracted,
multiuser-content-style-adaptive-semantic-communication-for-image-transmission-2025,2025,Multiuser Content-Style Adaptive Semantic Communication for Image Transmission,Mengshu Song; Nan Ma; Haotai Liang; Chen Dong; Weizhi Li; Jianqiao Chen; Yijing Lin; Ping Zhang,IEEE Internet of Things Journal,article,10.1109/jiot.2025.3581393,https://openalex.org/W4411446205,"With the rapid development of Internet of Things (IoT) technology, an increasing number of resource-constrained devices operate in dynamic and heterogeneous network environments, posing challenges for efficient image transmission. Multi-user semantic communication (SC) enables reduced bandwidth consumption and enhanced noise resilience by understanding the intrinsic meaning of information and sharing common semantic features across devices, offering great potential for widespread applications in various IoT scenarios. However, current multi-users SC approaches for image transmission lack adaptability and fail to consider both content and style features, leading to degraded image reconstruction quality. Moreover, semantic redundancy among devices remains underutilized, limiting bandwidth efficiency in IoT networks. To address these limitations, in this paper, a novel multi-user content-style adaptive semantic communication system for image transmission in IoT scenarios is proposed. Specifically, a dual-branch semantic information extraction and adaptive recovery scheme is first established, which simultaneously captures and adaptively fuses semantic content and style features to improve reconstruction quality. Secondly, an adaptive common information extraction and enhanced coding module is introduced for resource-limited IoT devices, which dynamically adjusts the transmission rate based on varying channel conditions and the computational capabilities of different users, further optimizing communication performance. Finally, experimental results show that the proposed method improves peak signal-to-noise (PSNR) by at least 10% under poor SNR conditions for multi-users semantic communication, compared to baseline methods.",https://doi.org/10.1109/jiot.2025.3581393,direct,指定团队负责人直接署名：Ping Zhang,Beijing University of Posts and Telecommunications; Ubiquitous Energy (United States),2,True,OpenAlex metadata; DOI verified in acquisition/validation stage,included,正式同行评审技术研究论文，主题与团队归属均满足,papers/2025_Song_Multiuser_Content_Style_Adaptive_Semantic_Communication_for_Image_Transmission.pdf,downloaded,reused local corpus: kai-niu-semantic-communications\papers\Multiuser_Content-Style_Adaptive_Semantic_Communication_for_Image_Transmission.pdf,f53a4bdd81be2e2f5c9e48f3f92c963d12bf4127efc5b13ea56e6e91727a7c13,16,fulltext_evidence_extracted,
nerfcom-feature-transform-coding-meets-neural-radiance-field-for-free-view-3-d-scene-semantic-transmission-2025,2025,NeRFCom: Feature Transform Coding Meets Neural Radiance Field for Free-View 3-D Scene Semantic Transmission,Weijie Yue; Zhongwei Si; Bolin Wu; Sixian Wang; Xiaoqi Qin; Kai Niu; Jincheng Dai; Ping Zhang,IEEE Communications Letters,article,10.1109/lcomm.2025.3544882,https://openalex.org/W4407900643,"We introduce NeRFCom, a novel communication system designed for end-to-end 3D scene transmission. Compared to traditional systems relying on handcrafted NeRF semantic feature decomposition for compression and well-adaptive channel coding for transmission error correction, our NeRFCom employs a nonlinear transform and learned probabilistic models, enabling flexible variable-rate joint source-channel coding and efficient bandwidth allocation aligned with the NeRF semantic feature’s different contribution to the 3D scene synthesis fidelity. Experimental results demonstrate that NeRFCom achieves free-view 3D scene efficient transmission while maintaining robustness under adverse channel conditions.",https://doi.org/10.1109/lcomm.2025.3544882,direct,"指定团队负责人直接署名：Kai Niu, Ping Zhang",Beijing University of Posts and Telecommunications,0,True,OpenAlex metadata; DOI verified in acquisition/validation stage,included,正式同行评审技术研究论文，主题与团队归属均满足,papers/2025_Yue_NeRFCom_Feature_Transform_Coding_Meets_Neural_Radiance_Field_for_Free_View_3_D_Scene_Seman.pdf,downloaded,https://arxiv.org/pdf/2502.19873,2d74a4a174302a1f421f1c2698a7a1a3f3edabe25b6798dc9fab81788c832327,5,fulltext_evidence_extracted,
pcst-geometry-based-point-cloud-semantic-transmission-for-low-latency-xr-communications-2025,2025,PCST: Geometry-based Point Cloud Semantic Transmission for Low-Latency XR Communications,Shuojun Lyu; Tianjian Dang; Zhenyu Liu; Shuo Shao; Kai Niu; Jincheng Dai,,article,10.1109/spawc66079.2025.11143324,https://openalex.org/W4413980331,"Point cloud is a crucial data modality for future extended reality (XR) applications; however, its large data volume presents significant challenges for achieving low-latency transmission over bandwidth-constrained wireless channels. In this paper, we address this issue by extending the end-to-end semantic communication framework from image compression to point cloud transmission. Specifically, we propose a novel joint sourcechannel coding (JSCC) codec tailored for efficient and robust transmission of point clouds over error-prone wireless channels. Unlike existing image-based JSCC approaches, our method explicitly accounts for the sparse spatial structure inherent to point cloud data. We design a geometry-aware neural JSCC codec built upon sparse convolutional networks, which significantly enhances processing efficiency. Moreover, a weighted binary cross-entropy (WBCE) loss is employed to improve training effectiveness and convergence stability. Extensive experiments demonstrate that the proposed PCST system achieves smoother surface reconstructions and superior preservation of geometric details compared to state-of-the-art point cloud transmission schemes. Notably, in scenarios characterized by low channel bandwidth ratio (CBR) and low signal-to-noise ratio (SNR), the PCST system exhibits relatively stable and remarkable performance in terms of PSNR D1 and PSNR D2 metrics. Additionally, its graceful performance degradation under varying channel conditions highlights its robustness and suitability for real-time XR applications.",https://doi.org/10.1109/spawc66079.2025.11143324,direct,指定团队负责人直接署名：Kai Niu,Ministry of Communications; Beijing University of Posts and Telecommunications; University of Shanghai for Science and Technology,0,True,OpenAlex metadata; DOI verified in acquisition/validation stage,included,正式同行评审技术研究论文，主题与团队归属均满足,papers/2025_Lyu_PCST_Geometry_based_Point_Cloud_Semantic_Transmission_for_Low_Latency_XR_Communications.pdf,downloaded,reused local corpus: kai-niu-semantic-communications\papers\PCST_Geometry-based_Point_Cloud_Semantic_Transmission_for_Low-Latency_XR_Communications.pdf,cdeabfca1a64b48213e75fef7e6c110d9b7b161882bf60eef7bc48daa9805396,5,fulltext_evidence_extracted,
rate-splitting-multiple-access-enabled-adaptive-panoramic-video-semantic-transmission-2025,2025,Rate Splitting Multiple Access-Enabled Adaptive Panoramic Video Semantic Transmission,Haixiao Gao; Mengying Sun; Xiaodong Xu; Shujun Han; Bizhu Wang; Jingxuan Zhang; Ping Zhang,IEEE Transactions on Wireless Communications,article,10.1109/twc.2025.3570465,https://openalex.org/W4410614372,"In immersive communication, delivering real-time, high-resolution 360-degree panoramic videos imposes extremely high demands on network performance. In this paper, we propose a rate splitting multiple access (RSMA)-enabled adaptive panoramic video semantic transmission (APVST) framework. Specifically, APVST is built based on the deep joint source-channel coding (JSCC) structure and achieves adaptive semantic extraction and variable-length coding of panoramic frames. Additionally, APVST employs an entropy model and a latitude adaptive module to jointly achieve rate control, and utilizes a weight attention module to enhance the panoramic video quality. Given the overlapping field of view (FoV) when users watch panoramic videos, RSMA is integrated into the semantic transmission to further improve system efficiency. Therefore, we introduce an RSMA-enabled semantic stream transmission scheme, and formulate a joint optimization problem for latency and video quality by optimizing power, common rate, and channel bandwidth allocation ratios, aiming to maximize the users’ quality of service (QoS). To address this problem, we develop a deep reinforcement learning (DRL) approach based on the proximal policy optimization (PPO) algorithm, which integrates semantic-level FoV information to effectively adapt to dynamically changing environments. Simulation results indicate that our proposed APVST reduces bandwidth consumption by 20% compared to semantic video transmission schemes and 45% compared to traditional ones. Furthermore, our research validates the effectiveness of RSMA in panoramic video semantic transmission, demonstrating QoS improvements of up to 20% compared to other multiple access schemes.",https://doi.org/10.1109/twc.2025.3570465,direct,指定团队负责人直接署名：Ping Zhang,Beijing University of Posts and Telecommunications; University of Science and Technology Beijing,7,True,OpenAlex metadata; DOI verified in acquisition/validation stage,included,正式同行评审技术研究论文，主题与团队归属均满足,papers/2025_Gao_Rate_Splitting_Multiple_Access_Enabled_Adaptive_Panoramic_Video_Semantic_Transmission.pdf,downloaded,https://arxiv.org/pdf/2402.16581,6f29df411ffdc96a9b062e5314a8182cb641fc53a0b73e08d9c21e814dc49a0c,16,fulltext_evidence_extracted,
resilient-image-semantic-communication-based-on-rate-optimized-information-bottleneck-theory-2025,2025,Resilient Image Semantic Communication Based on Rate-Optimized Information Bottleneck Theory,Wenyuan Wang; Chaowei Wang; Zhi Zhang; Wenjun Xu; Ping Zhang; Fan Jiang; Jisong Xu; Yizhuo Cai; Mingliang Pang; Lexi Xu; Tony Q. S. Quek,IEEE Transactions on Network Science and Engineering,article,10.1109/tnse.2025.3626331,https://openalex.org/W4415624249,"With the increasing demand for multimedia transmission over wireless networks, ensuring efficient and reliable image delivery is increasingly challenging due to channel impairments and limited bandwidth. Although semantic-aware deep joint source-channel coding (DeepJSCC) has emerged as a promising solution, most existing methods neglect the potential role of semantic correlation in rate control. To address this limitation, we propose a resilient deep coding neural network (RDCNN) that leverages the information bottleneck (IB) principle for rate optimization. The core of our approach is an improved rate-distortion (RD) guided image semantic communication system, which comprehensively considers the rate, pixel and semantic-level distortion, and semantic entropy. A rate-adaptive mechanism is constructed, which adjusts based on channel conditions, using Gumbel-Softmax sampling and a weighted asymmetric Gaussian distribution. Furthermore, the framework incorporates a reconfigurable neural network architecture that adapts its complexity to the signal-to-noise ratio (SNR), thereby achieving a balance between computational complexity and transmission accuracy. Simulations across datasets and channel conditions demonstrate that RDCNN consistently outperforms conventional methods and state-of-the-art baselines in terms of channel bandwidth ratio (CBR) and reconstruction quality. In particular, RDCNN achieves lower CBR while preserving high image fidelity, even under adverse channel conditions.",https://doi.org/10.1109/tnse.2025.3626331,direct,指定团队负责人直接署名：Ping Zhang,Beijing University of Posts and Telecommunications; State Key Laboratory of Networking and Switching Technology; Xi’an University of Posts and Telecommunications; China United Network Communications Group (China); Singapore University of Technology and Design,2,True,OpenAlex metadata; DOI verified in acquisition/validation stage,included,正式同行评审技术研究论文，主题与团队归属均满足,papers/2025_Wang_Resilient_Image_Semantic_Communication_Based_on_Rate_Optimized_Information_Bottleneck_Theo.pdf,downloaded,reused local corpus: kai-niu-semantic-communications\papers\Resilient_Image_Semantic_Communication_Based_on_Rate-Optimized_Information_Bottleneck_Theory.pdf,a7e74c46b03e86e201e16413a8aac2941020fb79311b3c077d6bce12ac04f452,17,fulltext_evidence_extracted,
rethinking-generative-semantic-communication-for-multi-user-systems-with-large-language-models-2025,2025,Rethinking Generative Semantic Communication for Multi-User Systems with Large Language Models,Wanting Yang; Zehui Xiong; Shiwen Mao; Tony Q. S. Quek; Ping Zhang; Mérouane Debbah; Rahim Tafazolli,IEEE Wireless Communications,article,10.1109/mwc.002.2400332,,,https://doi.org/10.1109/mwc.002.2400332,direct,补充数据库轮次核验：指定负责人直接署名（Ping Zhang）；Crossref/DBLP 正式 DOI 元数据。,,16,True,Crossref/DBLP late-index audit; DOI publisher record,included_late_indexed,补充数据库检索发现的正式同行评审技术论文；通过负责人直接署名、年份、DOI、主题和文献类型核验,papers/2025_Yang_Rethinking_Generative_Semantic_Communication_for_Multi_User_Systems_with_Large_Language_Mo.pdf,downloaded,https://arxiv.org/pdf/2408.08765,3ae6b436bc10eee523d2ef333998af02b7b89850416a5294e8fdabe138ff658f,9,fulltext_evidence_extracted,
ssc-106-bit-s-ultra-low-bitrate-semantic-speech-coding-2025,2025,SSC: 106 bit/s Ultra-low Bitrate Semantic Speech Coding,Renjie Jia; Zhiqiang He; Kai Niu; Zixuan Xiao; Yonghui Liu; Jianbing Liu,"ICASSP 2025 - 2025 IEEE International Conference on Acoustics, Speech and Signal Processing (ICASSP)",proceedings-article,10.1109/icassp49660.2025.10889978,,,https://doi.org/10.1109/icassp49660.2025.10889978,direct,补充数据库轮次核验：指定负责人直接署名（Kai Niu）；Crossref/DBLP 正式 DOI 元数据。,,0,True,Crossref/DBLP late-index audit; DOI publisher record,included_late_indexed,补充数据库检索发现的正式同行评审技术论文；通过负责人直接署名、年份、DOI、主题和文献类型核验,papers/2025_Jia_SSC_106_bit_s_Ultra_low_Bitrate_Semantic_Speech_Coding.pdf,downloaded,reused local corpus: kai-niu-semantic-communications\papers\SSC_106_bits_Ultra-low_Bitrate_Semantic_Speech_Coding.pdf,b0badd96385d386dd309dfc05e4c0e46e82d7515e2d6b058d85ffbc7723fcb6a,5,fulltext_evidence_extracted,
sesy-enhancing-communication-system-reliability-through-image-based-semantic-synchronization-2025,2025,SeSy: Enhancing Communication System Reliability Through Image-Based Semantic Synchronization,Xiaoyi Liu; Chen Dong; Haotai Liang; Hongchao Jiang; Xiaodong Xu; Ping Zhang,IEEE Transactions on Communications,article,10.1109/tcomm.2025.3624170,https://openalex.org/W4415445277,"Semantic communication has emerged as a promising paradigm exhibiting improved robustness compared to traditional approaches under low SNR conditions. Precise synchronization is imperative for accurate semantic communication. However, existing synchronization techniques face challenges reliably achieving synchronization at low SNRs, limiting semantic communication development. To improve synchronization performance, especially under low SNR scenarios, this work proposes an image-based semantic synchronization method (SeSy) leveraging inherent image correlations. SeSy is applicable to both semantic and traditional communication systems. Theoretical analysis establishes bounds on the miss detected ratio (MDR) for SeSy. Experimental results demonstrate that SeSy achieves lower MDR and root mean square error (RMSE) compared to traditional methods across various SNR levels, especially at low SNRs.",https://doi.org/10.1109/tcomm.2025.3624170,direct,指定团队负责人直接署名：Ping Zhang,Beijing University of Posts and Telecommunications,0,True,OpenAlex metadata; DOI verified in acquisition/validation stage,included,正式同行评审技术研究论文，主题与团队归属均满足,papers/2025_Liu_SeSy_Enhancing_Communication_System_Reliability_Through_Image_Based_Semantic_Synchronizati.pdf,downloaded,reused local corpus: kai-niu-semantic-communications\papers\SeSy_Enhancing_Communication_System_Reliability_Through_Image-Based_Semantic_Synchronization.pdf,4ef4dfba986510e28d4572268c867a102ad7193895388d052a3c97e13efc2574,17,fulltext_evidence_extracted,
semaudio-semantic-communication-for-audio-streaming-transmission-2025,2025,SemAudio: Semantic Communication for Audio Streaming Transmission,Wenjun Xu; Hao Wei; Fengyu Wang; Wanli Ni; Ping Zhang,IEEE Transactions on Vehicular Technology,article,10.1109/tvt.2025.3598973,https://openalex.org/W4413462886,"Semantic communication (SemCom) has been regarded as a promising candidate technology for future intelligent wireless networks by transmitting semantic features. Meanwhile, the rapidly increasing real-time applications bring high demands for audio streaming data processing and exchange. Inspired by this, we propose a SemCom system for audio streaming transmission, named SemAudio. To effectively extract the semantic features of streaming audio, we develop a streaming enhanced Transformer (SET) network to serve as the streaming semantic codec. Specifically, the flexible mask attention network and enhanced memory slot are incorporated in SET to improve the streaming audio reconstruction quality while mitigating the computational complexity. Then, to alleviate the channel noise, we jointly design the semantic and channel coding by integrating the knowledge in both the time and frequency domains. Extensive experimental results demonstrate that the proposed SemAudio outperforms conventional methods in different audio types. Our scheme achieves a better quality-latency tradeoff than traditional communications. Moreover, due to the proposed mask attention strategy, SemAudio can flexibility adjust the latency and adapt to the non-streaming mode.",https://doi.org/10.1109/tvt.2025.3598973,direct,指定团队负责人直接署名：Ping Zhang,Beijing University of Posts and Telecommunications; Tsinghua University,1,True,OpenAlex metadata; DOI verified in acquisition/validation stage,included,正式同行评审技术研究论文，主题与团队归属均满足,papers/2025_Xu_SemAudio_Semantic_Communication_for_Audio_Streaming_Transmission.pdf,downloaded,reused local corpus: kai-niu-semantic-communications\papers\SemAudio_Semantic_Communication_for_Audio_Streaming_Transmission.pdf,6e1d4400fb5dc4cd4c83c8468da4ce9384ae18a2c52d8c3e5d1b3ae9fb4943b4,15,fulltext_evidence_extracted,
semharq-semantic-aware-hybrid-automatic-repeat-request-for-multi-task-semantic-communications-2025,2025,SemHARQ: Semantic-Aware Hybrid Automatic Repeat Request for Multi-Task Semantic Communications,Jiangjing Hu; Fengyu Wang; Wenjun Xu; Hui Gao; Ping Zhang,IEEE Transactions on Wireless Communications,article,10.1109/twc.2025.3602146,https://openalex.org/W4413978372,"Intelligent task-oriented semantic communications (SemComs) have witnessed great progress with the development of deep learning (DL), where multi-task SemComs that perform multiple tasks simultaneously attach great importance due to its high efficiency. However, the study of robust multi-task-oriented semantics transmission is still in early stages. In this paper, we propose a semantic-aware hybrid automatic repeat request (SemHARQ) framework for the robust and efficient transmissions of multi-task semantic features. First, to improve the robustness and effectiveness of semantic coding, a multi-task semantic encoder is proposed. Meanwhile, a feature importance ranking (FIR) method is investigated to ensure the important features delivery under limited channel resources. Then, to accurately detect the possible transmission errors, a novel feature distortion evaluation (FDE) network is designed to identify the distortion level of each feature, based on which an efficient HARQ method is proposed. Specifically, the corrupted features are retransmitted, where the remaining channel resources are used for incremental transmissions. The system performance is evaluated under different channel conditions in multi-task scenarios in the Internet of Vehicles. Extensive experiments show that the proposed framework outperforms state-of-the-art works by more than 20% in rank-1 accuracy for vehicle re-identification, and 10% in vehicle color classification accuracy in the low signal-to-noise ratio regime.",https://doi.org/10.1109/twc.2025.3602146,direct,指定团队负责人直接署名：Ping Zhang,Beijing University of Posts and Telecommunications,1,True,OpenAlex metadata; DOI verified in acquisition/validation stage,included,正式同行评审技术研究论文，主题与团队归属均满足,papers/2025_Hu_SemHARQ_Semantic_Aware_Hybrid_Automatic_Repeat_Request_for_Multi_Task_Semantic_Communicati.pdf,downloaded,https://arxiv.org/pdf/2404.08490,258b7a99a6522f343621e41164d5ef061be5ff3272f090e6e8577e0597f04e41,16,fulltext_evidence_extracted,
semantic-base-enabled-image-transmission-with-fine-grained-harq-2025,2025,Semantic Base Enabled Image Transmission With Fine-Grained HARQ,Yuan Zheng; Fengyu Wang; Wenjun Xu; Ping Zhang,IEEE Transactions on Wireless Communications,article,10.1109/twc.2025.3532501,https://openalex.org/W4406983366,"Semantic communications (SemComs) which utilize the inherent meanings and relationships of data, have shown significant advantages for information transmission in recent years. In this paper, a novel semantic base (Seb) enabled SemCom framework is proposed, where Sebs, the basic units of fine-grained image semantics, are explicitly shared among transceivers to support image transmission. Specifically, first, to improve source coding efficiency, a Seb-based image codec is proposed, where semantics in each image patch are encoded with synchronized Sebs, that are generated from recent images. To ensure semantic consistency among the embeddings of Sebs, Gray coding is used to establish the projection, enhancing the framework’s robustness against channel noise. The details of images are further refined by a residual codec for high-quality reconstructions. Second, to enhance transmission reliability with overhead as small as possible, a semantic-aware fine-grained hybrid automatic repeat request (SAFG-HARQ) is proposed, where only erroneous Sebs are retransmitted to precisely refine corrupted semantics using contextual correlations. Extensive simulations demonstrate that the proposed framework outperforms state-of-the-art works, where the image reconstruction quality is improved by 20% in learned perceptual image patch similarity (LPIPS), with a 60% reduction in transmission costs.",https://doi.org/10.1109/twc.2025.3532501,direct,指定团队负责人直接署名：Ping Zhang,Beijing University of Posts and Telecommunications,6,True,OpenAlex metadata; DOI verified in acquisition/validation stage,included,正式同行评审技术研究论文，主题与团队归属均满足,papers/2025_Zheng_Semantic_Base_Enabled_Image_Transmission_With_Fine_Grained_HARQ.pdf,downloaded,reused local corpus: kai-niu-semantic-communications\papers\Semantic_Base_Enabled_Image_Transmission_With_Fine-Grained_HARQ.pdf,ddbf206c097b61276f91fc4298f2b785def87bcffd4d4cedbc9aa5dbf4f8ef6f,17,fulltext_evidence_extracted,
semantic-information-theory-and-method-2025,2025,Semantic Information Theory and Method,Kai Niu; Zijian Liang; Ping Zhang,2025 Asia Pacific Workshop on Data Science and Information Theory (APWDSIT),proceedings-article,10.1109/apwdsit64675.2025.11478551,,,https://doi.org/10.1109/apwdsit64675.2025.11478551,direct,"补充数据库轮次核验：指定负责人直接署名（Kai Niu, Ping Zhang）；Crossref/DBLP 正式 DOI 元数据。",,0,True,Crossref/DBLP late-index audit; DOI publisher record,included_late_indexed,补充数据库检索发现的正式同行评审技术论文；通过负责人直接署名、年份、DOI、主题和文献类型核验,papers/2025_Niu_Semantic_Information_Theory_and_Method.pdf,downloaded,reused local corpus: kai-niu-semantic-communications\papers\Semantic_Information_Theory_and_Method.pdf,b668af4319fb6e607a339041eb4b13f6bf1218b8f31332a719f1aaa664f43e03,6,fulltext_evidence_extracted,
semantic-markov-chain-using-synonymous-mapping-2025,2025,Semantic Markov Chain Using Synonymous Mapping,Jin Xu; Tanlong Du; Zijian Liang; Kai Niu; Ping Zhang,Tsinghua Science & Technology,article,10.26599/tst.2025.9010064,https://openalex.org/W4413904164,"Semantic communication is a promising direction for the future of communication systems. Synonyms act as crucial bridges between semantics and syntax. Inspired by this, this paper introduces a semantic Markov chain model based on state synonymous mapping. This paper demonstrates that the syntactic Markov chain can be transformed into a semantic Markov chain through synonymous mapping. The stationary distribution of the semantic Markov chain can be obtained by partly summing the stationary distribution of the syntactic Markov chain. Similarly, the transition probability of the semantic Markov chain can be obtained by performing a weighted summation of the transition probabilities of the syntactic Markov chain. Additionally, we theoretically proves that the sequence entropy and the entropy rate of the semantic Markov source are no more than those of the syntactic Markov source.",https://doi.org/10.26599/tst.2025.9010064,direct,"指定团队负责人直接署名：Kai Niu, Ping Zhang",Beijing University of Posts and Telecommunications,1,True,OpenAlex metadata; DOI verified in acquisition/validation stage,included,正式同行评审技术研究论文，主题与团队归属均满足,papers/2025_Xu_Semantic_Markov_Chain_Using_Synonymous_Mapping.pdf,downloaded,reused local corpus: kai-niu-semantic-communications\papers\Semantic_Markov_Chain_Using_Synonymous_Mapping.pdf,f3953954b5ebc512a7c8418a8d36ec61a6c57ef0c05b80c0d98876d2f3226421,11,fulltext_evidence_extracted,
semantic-prior-aided-channel-adaptive-equalizing-and-de-noising-semantic-communication-system-with-latent-diffusion-mode-2025,2025,Semantic Prior Aided Channel-Adaptive Equalizing and De-Noising Semantic Communication System With Latent Diffusion Model,Bingxuan Xu; Shujun Han; Xiaodong Xu; Weizhi Li; Rui Meng; Chen Dong; Ping Zhang,IEEE Transactions on Wireless Communications,article,10.1109/twc.2025.3543167,https://openalex.org/W4408145280,"Semantic Communication (SemCom) has opened a new paradigm in the 6G system. However, the performance of SemCom can be severely affected by time-varying path loss, channel noises, and other interference in wireless channels. Therefore, we propose a novel Semantic Prior aided Channel-adaptive Equalizing and De-noising SemCom (SP-EDNSC) framework, where adaptive elimination channel impact is regarded as an inverse problem. This inverse problem is addressed through semantic priors learned from score-based generative models cached in knowledge base. To reduce distortion while enhancing perceptual quality, we further combine autoencoders, adversarial learning and diffusion models to develop a latent diffusion-based (SP-Latent-Diff EDNSC) system within the SP-EDNSC framework. In the semantic space, the joint semantic equalizer and de-noiser module utilizes the proposed latent diffusion posterior sampling method. This method iteratively executes a modified reverse stochastic differential equation to sample clean semantic features, using the time-dependent score function of likelihood and semantic priors. The semantic priors are derived from pre-trained latent diffusion models, while the likelihood is approximated by a multivariate normal distribution. Simulations demonstrate that our scheme achieves superior performance in both distortion metrics like PSNR and SSIM, as well as in perceptual performance (LPIPS).",https://doi.org/10.1109/twc.2025.3543167,direct,指定团队负责人直接署名：Ping Zhang,Beijing University of Posts and Telecommunications,3,True,OpenAlex metadata; DOI verified in acquisition/validation stage,included,正式同行评审技术研究论文，主题与团队归属均满足,papers/2025_Xu_Semantic_Prior_Aided_Channel_Adaptive_Equalizing_and_De_Noising_Semantic_Communication_Sys.pdf,downloaded,reused local corpus: kai-niu-semantic-communications\papers\Semantic_Prior_Aided_Channel-Adaptive_Equalizing_and_De-Noising_Semantic_Communication_System_With_Latent_Diffusion_Model.pdf,a1a2bb34b3b02703dc8713f78801c84218a83943aac64f5cd61d49d9de1411cc,17,fulltext_evidence_extracted,
semantic-aided-parallel-image-transmission-compatible-with-practical-system-2025,2025,Semantic-Aided Parallel Image Transmission Compatible With Practical System,Mingkai Xu; Yongpeng Wu; Yuxuan Shi; Xiang‐Gen Xia; Mérouane Debbah; Wenjun Zhang; Ping Zhang,IEEE Transactions on Wireless Communications,article,10.1109/twc.2025.3566886,https://openalex.org/W4410295026,"In this paper, we propose a novel semantic-aided image communication framework for supporting the compatibility with practical separation-based coding architectures. Particularly, the deep learning (DL)-based joint source-channel coding (JSCC) is integrated into the classical separate source-channel coding (SSCC) to transmit the images via the combination of semantic stream and image stream from DL networks and SSCC respectively, which we name as parallel-stream transmission. The positive coding gain stems from the sophisticated design of the JSCC encoder, which leverages the residual information neglected by the SSCC to enhance the learnable image features. Furthermore, a conditional rate adaptation mechanism is introduced to adjust the transmission rate of semantic stream according to residual, rendering the framework more flexible and efficient to bandwidth allocation. We also design a dynamic stream aggregation strategy at the receiver, which provides the composite framework with more robustness to signal-to-noise ratio (SNR) fluctuations in wireless systems compared to a single conventional codec. Finally, the proposed framework is verified to surpass the performance of both traditional and DL-based competitors in a large range of scenarios and meanwhile, maintains lightweight in terms of the transmission and computational complexity of semantic stream, which exhibits the potential to be applied in real systems.",https://doi.org/10.1109/twc.2025.3566886,direct,指定团队负责人直接署名：Ping Zhang,Shanghai Jiao Tong University; University of Delaware; Khalifa University of Science and Technology; Beijing University of Posts and Telecommunications,0,True,OpenAlex metadata; DOI verified in acquisition/validation stage,included,正式同行评审技术研究论文，主题与团队归属均满足,papers/2025_Xu_Semantic_Aided_Parallel_Image_Transmission_Compatible_With_Practical_System.pdf,downloaded,https://arxiv.org/pdf/2504.21466,91027ca898cf11a541f454e90b62d7e51a0a48ee771883c1a93a622658d29567,15,fulltext_evidence_extracted,
semantic-importance-aware-reordering-enhanced-semantic-communication-system-with-ofdm-transmission-2025,2025,Semantic-Importance-Aware Reordering-Enhanced Semantic Communication System With OFDM Transmission,Yucheng Liu; Chen Dong; Haotai Liang; Weizhi Li; Zhicheng Bao; Zhe Zheng; Xiaodong Xu; Ping Zhang,IEEE Internet of Things Journal,article,10.1109/jiot.2025.3529492,https://openalex.org/W4406457575,"As a novel communication paradigm, semantic communication (SemCom) can greatly improve communication efficiency, which has aroused extensive research by scholars worldwide. As one of the important aspects of digital communication nowadays, how to combine channel estimation with SemCom is an important research direction. In this article, based on orthogonal frequency-division multiplexing (OFDM) communication architecture, the semantic importance-aware reordering-enhanced SemCom system (SIARE-SC) is proposed, which utilizes the inequality of semantic symbols combined with channel estimation in OFDM systems to reduce the distortion caused by channel estimation interpolation error (CEIE) and further improve the signal recovery quality. To enhance the generalizability of the system, we extend the verification of the effectiveness of SIARE-SC in various scenarios with different sources, channels, and pilot patterns. Furthermore, the importance reordering method proposed in the SIARE-SC has good applicability and effectiveness, which can be used to be compatible with other SemCom systems and has a significant suppression effect on the peak-to-average power ratio (PAPR). Meanwhile, CEIE has been considered for the first time to be included in the analysis of SemCom distortion, and mathematically derive the performance expressions of SIARE-SC under different channel and pilot pattern scenarios from three perspectives, namely, channel bandwidth ratio (CBR), signal-to-noise ratio (SNR), and CEIE, to obtain the corresponding bound of performance. The proposed SIARE-SC is shown to significantly improve semantic performance in various scenarios by conducting a large number of experimental tests.",https://doi.org/10.1109/jiot.2025.3529492,direct,指定团队负责人直接署名：Ping Zhang,Beijing University of Posts and Telecommunications,13,True,OpenAlex metadata; DOI verified in acquisition/validation stage,included,正式同行评审技术研究论文，主题与团队归属均满足,papers/2025_Liu_Semantic_Importance_Aware_Reordering_Enhanced_Semantic_Communication_System_With_OFDM_Tran.pdf,downloaded,reused local corpus: kai-niu-semantic-communications\papers\Semantic-Importance-Aware_Reordering-Enhanced_Semantic_Communication_System_With_OFDM_Transmission.pdf,38838b8f75a7f157ec8068baf5e311973712d22878c79d33a01a8d5a566e42ad,17,fulltext_evidence_extracted,
semantics-empowered-non-orthogonal-multiple-access-for-downlink-transmission-of-correlated-information-sources-2025,2025,Semantics-Empowered Non-Orthogonal Multiple Access for Downlink Transmission of Correlated Information Sources,Weizhi Li; Yucheng Liu; Chen Dong; Xiaodong Xu; Ping Zhang; Lin Li,IEEE Transactions on Wireless Communications,article,10.1109/twc.2025.3563243,https://openalex.org/W4409985264,"In this paper, we introduce an end-to-end non-orthogonal multiple access (NOMA) framework for the downlink transmission of correlated information sources in the multi-user scenario, in which the data required or transmitted by multiple users share similar content. To enhance the end-to-end transmission performance, we resort to the semantic communication paradigm and build our system based on the deep joint source-channel coding (D-JSCC) scheme. Inspired by Wyner’s common information, an information theoretical concept, the common information (CI) extraction is proposed to capture the correlation between multiple users effectively. By relaxing the constraint of the object function, equivalency can be established between common information extraction and mutual information maximization. Thereby, the Jenson-Shannon divergence (JSD) is adopted in the loss function for learning the common information representation (CIR). In order to categorize the theoretical performance limit of the proposed system, semantic synonymous mapping (SSM) based information theory is applied for analyzing the effect of correlation level and different decoding schemes on the achievable channel capacity. Specifically, the analytical expression of channel capacity under additive white Gaussian noise (AWGN) and Rayleigh channel is derived and verified by Monte-Carlo experiments. By conducting simulations on three different image datasets, it is verified that our proposed scheme can outperform a series of other state-of-the-art (SoTA) multiple access or distributed source coding (DSC) schemes under up to seven user scenarios. Besides, the visualization and ablation study results validate the effectiveness of the common information extraction.",https://doi.org/10.1109/twc.2025.3563243,direct,指定团队负责人直接署名：Ping Zhang,Beijing University of Posts and Telecommunications,0,True,OpenAlex metadata; DOI verified in acquisition/validation stage,included,正式同行评审技术研究论文，主题与团队归属均满足,papers/2025_Li_Semantics_Empowered_Non_Orthogonal_Multiple_Access_for_Downlink_Transmission_of_Correlated.pdf,downloaded,reused local corpus: kai-niu-semantic-communications\papers\Semantics-Empowered_Non-Orthogonal_Multiple_Access_for_Downlink_Transmission_of_Correlated_Information_Sources.pdf,8c91078653add187120b425e832c00fa3ebf7d8840b3562eedf26e186aef18fe,18,fulltext_evidence_extracted,
soundspring-loss-resilient-audio-transceiver-with-dual-functional-masked-language-modeling-2025,2025,SoundSpring: Loss-Resilient Audio Transceiver With Dual-Functional Masked Language Modeling,Shengshi Yao; Jincheng Dai; Xiaoqi Qin; Sixian Wang; Siye Wang; Kai Niu; Ping Zhang,IEEE Journal on Selected Areas in Communications,article,10.1109/jsac.2025.3531406,https://openalex.org/W4406610604,"In this paper, we propose “SoundSpring”, a cutting-edge error-resilient audio transceiver that marries the robustness benefits of joint source-channel coding (JSCC) while also being compatible with current digital communication systems. Unlike recent deep JSCC transceivers, which learn to directly map audio signals to analog channel-input symbols via neural networks, our SoundSpring adopts the layered architecture that delineates audio compression from digital coded transmission, but it sufficiently exploits the impressive in-context predictive capabilities of large language (foundation) models. Integrated with the casual-order mask learning strategy, our single model operates on the latent feature domain and serve dual-functionalities: as efficient audio compressors at the transmitter and as effective mechanisms for packet loss concealment at the receiver. By jointly optimizing towards both audio compression efficiency and transmission error resiliency, we show that mask-learned language models are indeed powerful contextual predictors, and our dual-functional compression and concealment framework offers fresh perspectives on the application of foundation language models in audio communication. Through extensive experimental evaluations, we establish that SoundSpring apparently outperforms contemporary audio transmission systems in terms of signal fidelity metrics and perceptual quality scores. These new findings not only advocate for the practical deployment of SoundSpring in learning-based audio communication systems but also inspire the development of future audio semantic transceivers.",https://doi.org/10.1109/jsac.2025.3531406,direct,"指定团队负责人直接署名：Kai Niu, Ping Zhang",Beijing University of Posts and Telecommunications,3,True,OpenAlex metadata; DOI verified in acquisition/validation stage,included,正式同行评审技术研究论文，主题与团队归属均满足,papers/2025_Yao_SoundSpring_Loss_Resilient_Audio_Transceiver_With_Dual_Functional_Masked_Language_Modeling.pdf,downloaded,https://arxiv.org/pdf/2501.12696,3591540c4f59da1d51dde79090877ccf5191005d81a25921a3a1ebc2bdccb255,14,fulltext_evidence_extracted,
synonymity-based-semantic-coding-for-efficient-speech-compression-2025,2025,Synonymity-Based Semantic Coding for Efficient Speech Compression,Shanhui Gan; Zijian Liang; Kai Niu; Ping Zhang,Interspeech 2025,proceedings-article,10.21437/interspeech.2025-2483,,,https://doi.org/10.21437/interspeech.2025-2483,direct,"补充数据库轮次核验：指定负责人直接署名（Kai Niu, Ping Zhang）；Crossref/DBLP 正式 DOI 元数据。",,1,True,Crossref/DBLP late-index audit; DOI publisher record,included_late_indexed,补充数据库检索发现的正式同行评审技术论文；通过负责人直接署名、年份、DOI、主题和文献类型核验,papers/2025_Gan_Synonymity_Based_Semantic_Coding_for_Efficient_Speech_Compression.pdf,downloaded,reused local corpus: kai-niu-semantic-communications\papers\Synonymity_Based_Semantic_Coding_for_Efficient_Speech_Compression.pdf,8dd153e6d40e3738e03ea9af39f083c4dfe16a5a89a5d91558337e26ec13f0e7,5,fulltext_evidence_extracted,
taming-learnable-codebook-design-and-modulation-for-digital-semantic-image-communication-2025,2025,Taming Learnable Codebook Design and Modulation for Digital Semantic Image Communication,Yingbin Zhou; Yaping Sun; Hongyang Du; Guanying Chen; Xiaodong Xu; Hao Chen; Ping Zhang; Shuguang Cui,IEEE Internet of Things Journal,article,10.1109/jiot.2025.3619193,https://openalex.org/W4414956244,"Semantic communication employs deep learning to transmit semantically meaningful information rather than raw data, thereby improving communication efficiency. To facilitate the adaptation of continuous semantic features to digital transmission systems, vector quantization (VQ) serves as an effective approach for discretizing high-dimensional features into compact codebook indices. However, existing VQ-based systems face a critical dilemma: conventional VQ codebooks demand large index ranges to preserve fidelity, contradicting digital modulation’s need for limited discrete states to ensure noise robustness. To bridge this gap, we design a 2K image transmission framework that jointly considers codebook compactness and transmission robustness. The framework operates in two stages: In Stage 1, we devise MOC-RVQ, a multi-head ordered codebook (MOC) with residual vector quantization (RVQ) to reduce the index range while maintaining image fidelity. In Stage 2, a Swin Transformer-based noise reduction block (NRB) is integrated with feature requantization for further robust restoration. Experiments on 2K-resolution datasets demonstrate that the proposed MOC-RVQ surpasses traditional codecs like BPG, JPEG, and learnable baselines, while maintaining low transmission overhead.",https://doi.org/10.1109/jiot.2025.3619193,direct,指定团队负责人直接署名：Ping Zhang,"Chinese University of Hong Kong, Shenzhen; Peng Cheng Laboratory; University of Hong Kong; University Town of Shenzhen; Beijing University of Posts and Telecommunications; State Key Laboratory of Networking and Switching Technology",2,True,OpenAlex metadata; DOI verified in acquisition/validation stage,included,正式同行评审技术研究论文，主题与团队归属均满足,papers/2025_Zhou_Taming_Learnable_Codebook_Design_and_Modulation_for_Digital_Semantic_Image_Communication.pdf,downloaded,reused local corpus: kai-niu-semantic-communications\papers\Taming_Learnable_Codebook_Design_and_Modulation_for_Digital_Semantic_Image_Communication.pdf,6db5ba7059c20373b44241b1aacdf1dbdbe62323e729cf68f405455f3de1d9c9,14,fulltext_evidence_extracted,
task-agnostic-semantic-communications-relying-on-information-bottleneck-and-federated-meta-learning-2025,2025,Task-Agnostic Semantic Communications Relying on Information Bottleneck and Federated Meta-Learning,Hao Wei; Wen Wang; Wanli Ni; Wenjun Xu; Yongming Huang; Dusit Niyato; Ping Zhang,IEEE Transactions on Wireless Communications,article,10.1109/twc.2025.3632819,https://openalex.org/W4416582693,"As a paradigm shift towards pervasive intelligence, semantic communication (SemCom) has shown great potentials to improve communication efficiency and provide user-centric services by delivering task-oriented semantic meanings. However, the exponential growth in connected devices, data volumes, and communication demands presents significant challenges for practical SemCom design, particularly in resource-constrained wireless networks. In this work, we propose a task-agnostic semantic communication (TASC) framework capable of supporting multimodal data across diverse tasks. To investigate the interplay between communication and intelligent tasks from an information-theoretic perspective, we introduce a distributed multimodal information bottleneck (DMIB) principle, which enables the extraction of minimal sufficient unimodal and multimodal representations by eliminating redundant information while preserving task-relevant semantics. To further reduce the communication overhead, we develop an adaptive semantic feature transmission method under dynamic channel conditions. Then, TASC is trained based on federated meta-learning (FML) to learn a well-initialized model for rapid adaptation and generalization. To gain deep insights, we conduct theoretical analysis and devise resource management to accelerate convergence while minimizing the training latency and energy cost. Moreover, we develop a joint user selection and resource allocation algorithm to address the non-convex problem with theoretical guarantees. Extensive simulation results validate the effectiveness and superiority of the proposed TASC compared to baselines.",https://doi.org/10.1109/twc.2025.3632819,direct,指定团队负责人直接署名：Ping Zhang,Beijing University of Posts and Telecommunications; Purple Mountain Laboratories; Tsinghua University; Nanyang Technological University,1,True,OpenAlex metadata; DOI verified in acquisition/validation stage,included,正式同行评审技术研究论文，主题与团队归属均满足,papers/2025_Wei_Task_Agnostic_Semantic_Communications_Relying_on_Information_Bottleneck_and_Federated_Meta.pdf,downloaded,reused local corpus: information-bottleneck-semantic-communications\papers\2025_Yuan_Task_Agnostic_Semantic_Communications_IB_Meta_Learning.pdf,51e4cd1289c7b2359305806076d2cdc3cc1f8a87c127ad261e9b6b2eaf7ba65c,18,fulltext_evidence_extracted,
task-oriented-cloud-edge-device-collaborative-semantic-communication-trade-off-between-privacy-preserving-and-qoais-2025,2025,Task-Oriented Cloud-Edge-Device Collaborative Semantic Communication: Trade-off Between Privacy-Preserving and QoAIS,Guanwu Jiang; Shujun Han; Xiaodong Xu; Wenzhao Zhang; Ping Zhang,IEEE Transactions on Information Forensics and Security,article,10.1109/tifs.2025.3622076,https://openalex.org/W4415366858,"In this paper, we formulate a Secure Hierarchical Semantic Communication (SH-SC) framework that leverages cloud-edge-device collaboration to enable efficient, robust, and privacy-preserving semantic communications. Firstly, we propose a quantization-aware efficient semantic communication (SemCom) model pre-training scheme running in the cloud. In particular, a semantic quantization method is applied to reduce the data required for transmission, and a quantization-aware multi-splitting points training method is proposed to mitigate the accuracy loss caused by quantization. Secondly, we propose a robust SemCom model deployment strategy in local device and honest but curious edge server for privacy-preserving, where a post-training quantization method on the device is proposed to reduce the computational overhead and enhance privacy preservation. Thirdly, we propose a SemCom model based adaptive device-edge collaborative inferencing mechanism for SemCom quality of AI services (QoAIS), where a Joint Quantization Device-Edge Collaboration Semantic Communication (JQDESC) scheme is formulated. Moreover, we provide a theoretical analysis of the privacy preservation of the proposed quantization scheme against model inversion attack through back-propagation and quantization error accumulation. Experimental results demonstrate that our proposed JQDESC scheme effectively protects privacy under various adversarial capabilities, and has better performance in memory usage and end-to-end latency while maintaining similar accuracy.",https://doi.org/10.1109/tifs.2025.3622076,direct,指定团队负责人直接署名：Ping Zhang,Beijing University of Posts and Telecommunications,1,True,OpenAlex metadata; DOI verified in acquisition/validation stage,included,正式同行评审技术研究论文，主题与团队归属均满足,papers/2025_Jiang_Task_Oriented_Cloud_Edge_Device_Collaborative_Semantic_Communication_Trade_off_Between_Pri.pdf,downloaded,reused local corpus: kai-niu-semantic-communications\papers\Task-Oriented_Cloud-Edge-Device_Collaborative_Semantic_Communication_Trade-off_Between_Privacy-Preserving_and_QoAIS.pdf,d9781d7197957df3d15f6152a72784293823323b937242cfe0233d9a20f7de24,16,fulltext_evidence_extracted,
timely-gossiping-for-semantic-based-status-tracking-in-robotic-communications-2025,2025,Timely Gossiping for Semantic-Based Status Tracking in Robotic Communications,Yanlin Li; Xiaoqi Qin; Xianxin Song; Lexi Xu; Yue Zhao; Dusit Niyato; Ping Zhang,IEEE Transactions on Vehicular Technology,article,10.1109/tvt.2025.3585664,,,https://doi.org/10.1109/tvt.2025.3585664,direct,补充数据库轮次核验：指定负责人直接署名（Ping Zhang）；Crossref/DBLP 正式 DOI 元数据。,,0,True,Crossref/DBLP late-index audit; DOI publisher record,included_late_indexed,补充数据库检索发现的正式同行评审技术论文；通过负责人直接署名、年份、DOI、主题和文献类型核验,papers/2025_Li_Timely_Gossiping_for_Semantic_Based_Status_Tracking_in_Robotic_Communications.pdf,downloaded,reused local corpus: kai-niu-semantic-communications\papers\Timely_Gossiping_for_Semantic-Based_Status_Tracking_in_Robotic_Communications.pdf,4477cc79847a63d4bebc2d861c82c91fbb0e2a6109ed4525c5ce1f8bcc582b00,15,fulltext_evidence_extracted,
token-communication-in-the-era-of-large-models-an-information-bottleneck-based-approach-2025,2025,Token Communication in the Era of Large Models: An Information Bottleneck-Based Approach,Hao Wei; Wanli Ni; Wen Wang; Wenjun Xu; Dusit Niyato; Ping Zhang,IEEE Wireless Communications Letters,article,10.1109/lwc.2025.3622628,https://openalex.org/W4415482678,"This letter proposes UniToCom, a unified token communication paradigm that treats tokens as the fundamental units for both processing and wireless transmission. Specifically, to enable efficient token representations, we propose a generative information bottleneck (GenIB) principle, which facilitates the learning of tokens that preserve essential information while supporting reliable generation across multiple modalities. By doing this, GenIB-based tokenization is conducive to improving the communication efficiency and reducing computational complexity. Additionally, we develop σ-GenIB to address the challenges of variance collapse in autoregressive modeling, maintaining representational diversity and stability. Moreover, we employ a causal Transformer-based multimodal large language model (MLLM) at the receiver to unify the processing of both discrete and continuous tokens under the next-token prediction paradigm. Simulation results validate the effectiveness and superiority of the proposed UniToCom compared to baselines under dynamic channel conditions. By integrating token processing with MLLMs, UniToCom enables scalable and generalizable communication in favor of multimodal understanding and generation, providing a potential solution for next-generation intelligent communications.",https://doi.org/10.1109/lwc.2025.3622628,direct,指定团队负责人直接署名：Ping Zhang,Beijing University of Posts and Telecommunications; Tsinghua University; Purple Mountain Laboratories; Nanyang Technological University,0,True,OpenAlex metadata; DOI verified in acquisition/validation stage,included,正式同行评审技术研究论文，主题与团队归属均满足,papers/2025_Wei_Token_Communication_in_the_Era_of_Large_Models_An_Information_Bottleneck_Based_Approach.pdf,downloaded,https://arxiv.org/pdf/2507.01728,79c62a6069181e1907b62fefc9e4430bb13073a8d4f6cd78f80f3f8ab305062a,5,fulltext_evidence_extracted,
wireless-synonymous-image-transmission-with-joint-spatial-power-domain-adaptation-2025,2025,Wireless Synonymous Image Transmission with Joint Spatial-Power Domain Adaptation,Jiangtao Liu; Zijian Liang; Kai Niu; Ping Zhang,,article,10.1109/iccc65529.2025.11148621,https://openalex.org/W4414117119,"This paper proposes an end-to-end learnable wireless image transmission scheme, with joint spatial-power domain adaptation through spatial synonymity and power allocation. In this scheme, the transmitter employs a spatial synonym-based clustering algorithm to adaptively extract vital semantic information from the latent features of the image for wireless transmission. Afterwards, an adaptive power allocation strategy is adopted to reduce the impact of channel noise. At the receiver, after a corresponding signal detection, a synonym decoder with a prediction model is used to achieve accurate image reconstruction from partial information. Extensive experiments demonstrate that the proposed method can achieve superior bandwidth utilization and image reconstruction quality in Rayleigh fading channels, outperforming existing Deep Joint Source Channel Coding (DJSCC) schemes.",https://doi.org/10.1109/iccc65529.2025.11148621,direct,"指定团队负责人直接署名：Kai Niu, Ping Zhang",Beijing University of Posts and Telecommunications,0,True,OpenAlex metadata; DOI verified in acquisition/validation stage,included,正式同行评审技术研究论文，主题与团队归属均满足,papers/2025_Liu_Wireless_Synonymous_Image_Transmission_with_Joint_Spatial_Power_Domain_Adaptation.pdf,downloaded,reused local corpus: kai-niu-semantic-communications\papers\Wireless_Synonymous_Image_Transmission_with_Joint_Spatial-Power_Domain_Adaptation.pdf,28cfef15bd22aebb1d9cd2485c5ce19a9bcfed8dba4bc054af7aa8ece6b080f9,6,fulltext_evidence_extracted,
sdacsemantic-digital-analog-converter-for-semantic-communications-2025,2025,sDAC—Semantic Digital Analog Converter for Semantic Communications,Zhicheng Bao; Haotai Liang; Xiaoyi Liu; Cong Li; Chen Dong; Xiaodong Xu; Cheng Guo; Hao Chen; Ping Zhang,IEEE Transactions on Communications,article,10.1109/tcomm.2025.3566976,https://openalex.org/W4410087185,"In this paper, we propose a novel semantic digital analog converter (sDAC) for the compatibility between semantic and digital communications. Most of the current semantic communication systems rely primarily on analog modulation, limiting their integration with digital communication systems, which are more common in practice. In fact, traditional quantization methods are unsuitable for semantic communication because they do not account for semantic information within symbols. These factors block the wide application of the semantic communication. To address these challenges, sDAC is proposed. It is a simple yet efficient and generative module used to realize digital and analog bi-directional conversion. The entire process is independent of any specific semantic model, modulation methods, or channel conditions. In the experiment section, the performance of sDAC is tested across different semantic models, semantic tasks, modulation methods, channel conditions and quantization orders. Test results show that the proposed sDAC has great generative properties and channel robustness.",https://doi.org/10.1109/tcomm.2025.3566976,direct,指定团队负责人直接署名：Ping Zhang,Beijing University of Posts and Telecommunications; China Academy of Space Technology; Peng Cheng Laboratory,8,True,OpenAlex metadata; DOI verified in acquisition/validation stage,included,正式同行评审技术研究论文，主题与团队归属均满足,papers/2025_Bao_sDAC_Semantic_Digital_Analog_Converter_for_Semantic_Communications.pdf,downloaded,https://arxiv.org/pdf/2405.02335,741ee177af6e0bf6da43d40cd4f5bc12ca6a6fbad1ae0757f843b6f357f53ff5,12,fulltext_evidence_extracted,
2-dam-sc-2-d-adaptive-modulation-for-semantic-communications-under-shadowed-fading-channels-2026,2026,2-DAM-SC: 2-D-Adaptive Modulation for Semantic Communications Under Shadowed Fading Channels,Chenyao Liu; Yimeng Zhang; Wenjun Xu; Liyang Lu; Jiaqi Wang; Dusit Niyato; Ping Zhang,IEEE Wireless Communications Letters,article,10.1109/lwc.2026.3680659,,,https://doi.org/10.1109/lwc.2026.3680659,direct,补充数据库轮次核验：指定负责人直接署名（Ping Zhang）；Crossref/DBLP 正式 DOI 元数据。,,0,True,Crossref/DBLP late-index audit; DOI publisher record,included_late_indexed,补充数据库检索发现的正式同行评审技术论文；通过负责人直接署名、年份、DOI、主题和文献类型核验,papers/2026_Liu_2_DAM_SC_2_D_Adaptive_Modulation_for_Semantic_Communications_Under_Shadowed_Fading_Channel.pdf,downloaded,reused local corpus: kai-niu-semantic-communications\papers\2-DAM-SC_2-D-Adaptive_Modulation_for_Semantic_Communications_Under_Shadowed_Fading_Channels.pdf,938537bcb3afee64b9720292313565031679dc083e857743d4cfd1cd137e34cf,5,fulltext_evidence_extracted,
adaptive-frame-interpolation-symbolic-semantic-communication-for-low-latency-wireless-video-transmission-2026,2026,Adaptive Frame Interpolation Symbolic Semantic Communication for Low Latency Wireless Video Transmission,Xiaoxuan Qi; Nan Ma; Yijing Lin; Wenkai Liu; Zhicheng Bao; Ping Zhang,IEEE Transactions on Cognitive Communications and Networking,article,10.1109/tccn.2026.3662328,,,https://doi.org/10.1109/tccn.2026.3662328,direct,补充数据库轮次核验：指定负责人直接署名（Ping Zhang）；Crossref/DBLP 正式 DOI 元数据。,,0,True,Crossref/DBLP late-index audit; DOI publisher record,included_late_indexed,补充数据库检索发现的正式同行评审技术论文；通过负责人直接署名、年份、DOI、主题和文献类型核验,papers/2026_Qi_Adaptive_Frame_Interpolation_Symbolic_Semantic_Communication_for_Low_Latency_Wireless_Vide.pdf,downloaded,reused local corpus: kai-niu-semantic-communications\papers\Adaptive_Frame_Interpolation_Symbolic_Semantic_Communication_for_Low_Latency_Wireless_Video_Transmission.pdf,6028866b15aaee6b76195370cfd77bf2b485c3aaa66b54b5edb2602052002d5c,16,fulltext_evidence_extracted,
channel-adaptive-cross-modal-generative-semantic-communication-for-point-cloud-transmission-2026,2026,Channel-Adaptive Cross-Modal Generative Semantic Communication for Point Cloud Transmission,Wanting Yang; Zehui Xiong; Qianqian Yang; Ping Zhang; Mérouane Debbah; Rahim Tafazolli,IEEE Transactions on Cognitive Communications and Networking,article,10.1109/tccn.2026.3657061,,,https://doi.org/10.1109/tccn.2026.3657061,direct,补充数据库轮次核验：指定负责人直接署名（Ping Zhang）；Crossref/DBLP 正式 DOI 元数据。,,1,True,Crossref/DBLP late-index audit; DOI publisher record,included_late_indexed,补充数据库检索发现的正式同行评审技术论文；通过负责人直接署名、年份、DOI、主题和文献类型核验,papers/2026_Yang_Channel_Adaptive_Cross_Modal_Generative_Semantic_Communication_for_Point_Cloud_Transmissio.pdf,downloaded,https://arxiv.org/pdf/2506.03211,835533086bbb7f40c593046c88ee4a36f7d69d5a22933e63f08aa46e23e0419e,13,fulltext_evidence_extracted,
cross-modal-generative-semantic-communications-powered-by-semantic-knowledge-base-2026,2026,Cross-Modal Generative Semantic Communications Powered by Semantic Knowledge Base,Zechuan Fang; Mengying Sun; Sen Wang; Xiaodong Xu; Haixiao Gao; Jinghong Huang; Shujun Han; Ping Zhang,IEEE Transactions on Network Science and Engineering,article,10.1109/tnse.2025.3650269,,,https://doi.org/10.1109/tnse.2025.3650269,direct,补充数据库轮次核验：指定负责人直接署名（Ping Zhang）；Crossref/DBLP 正式 DOI 元数据。,,4,True,Crossref/DBLP late-index audit; DOI publisher record,included_late_indexed,补充数据库检索发现的正式同行评审技术论文；通过负责人直接署名、年份、DOI、主题和文献类型核验,papers/2026_Fang_Cross_Modal_Generative_Semantic_Communications_Powered_by_Semantic_Knowledge_Base.pdf,downloaded,reused local corpus: kai-niu-semantic-communications\papers\Cross-Modal_Generative_Semantic_Communications_Powered_by_Semantic_Knowledge_Base.pdf,c692de54bc75f8d047f4d6417dda5d6b2350874fdd54847b526df6673d19d60c,18,fulltext_evidence_extracted,
dgsemcom-digital-generative-semantic-communications-via-discrete-denoising-diffusion-model-for-latent-error-correction-2026,2026,DGSemCom: Digital Generative Semantic Communications via Discrete Denoising Diffusion Model for Latent Error Correction,Junxiao Liang; Wenjun Xu; Long Liu; Fengyu Wang; Xiaodong Xu; Jiejie Guo; Ping Zhang,IEEE Transactions on Wireless Communications,article,10.1109/twc.2026.3709956,https://openalex.org/W7168141842,,https://doi.org/10.1109/twc.2026.3709956,direct,指定团队负责人直接署名：Ping Zhang,Beijing University of Posts and Telecommunications; Peng Cheng Laboratory,0,True,OpenAlex metadata; DOI verified in acquisition/validation stage,included,正式同行评审技术研究论文，主题与团队归属均满足,papers/2026_Liang_DGSemCom_Digital_Generative_Semantic_Communications_via_Discrete_Denoising_Diffusion_Model.pdf,downloaded,reused local corpus: kai-niu-semantic-communications\papers\DGSemCom_Digital_Generative_Semantic_Communications_via_Discrete_Denoising_Diffusion_Model_for_Latent_Error_Correction.pdf,71852f36f10a6c406060cc8a3d7087aa9c67429354f20993a50e10270efa0fa5,16,fulltext_evidence_extracted,
distributed-semantic-communication-via-nonlinear-transform-coding-for-correlated-images-2026,2026,Distributed Semantic Communication via Nonlinear Transform Coding for Correlated Images,Yufei Bo; Meixia Tao; Kai Niu,IEEE Transactions on Communications,article,10.1109/tcomm.2026.3698877,,,https://doi.org/10.1109/tcomm.2026.3698877,direct,补充数据库轮次核验：指定负责人直接署名（Kai Niu）；Crossref/DBLP 正式 DOI 元数据。,,0,True,Crossref/DBLP late-index audit; DOI publisher record,included_late_indexed,补充数据库检索发现的正式同行评审技术论文；通过负责人直接署名、年份、DOI、主题和文献类型核验,papers/2026_Bo_Distributed_Semantic_Communication_via_Nonlinear_Transform_Coding_for_Correlated_Images.pdf,downloaded,reused local corpus: kai-niu-semantic-communications\papers\Distributed_Semantic_Communication_via_Nonlinear_Transform_Coding_for_Correlated_Images.pdf,6b2936556373a1f8f96c0926942610c899518ffa6d930a46566a1b64c9fc5777,16,fulltext_evidence_extracted,
evolutionary-knowledge-enhanced-semantic-communication-transition-from-siso-to-mimo-2026,2026,Evolutionary Knowledge-Enhanced Semantic Communication: Transition From SISO to MIMO,Bizhu Wang; Huachao Xiong; Shujun Han; Mengying Sun; Daiqi Zhang; Xiaodong Xu; Ping Zhang,IEEE Transactions on Network Science and Engineering,article,10.1109/tnse.2026.3662778,,,https://doi.org/10.1109/tnse.2026.3662778,direct,补充数据库轮次核验：指定负责人直接署名（Ping Zhang）；Crossref/DBLP 正式 DOI 元数据。,,1,True,Crossref/DBLP late-index audit; DOI publisher record,included_late_indexed,补充数据库检索发现的正式同行评审技术论文；通过负责人直接署名、年份、DOI、主题和文献类型核验,papers/2026_Wang_Evolutionary_Knowledge_Enhanced_Semantic_Communication_Transition_From_SISO_to_MIMO.pdf,downloaded,reused local corpus: kai-niu-semantic-communications\papers\Evolutionary_Knowledge-Enhanced_Semantic_Communication_Transition_From_SISO_to_MIMO.pdf,d576d1d2cb1900a17d220d1cd0fcfbec01e92a7d88e03f1f1750dcc00a322e32,16,fulltext_evidence_extracted,
flexible-bit-and-semantic-on-demand-transmission-framework-in-hyper-reliable-and-low-latency-communications-scenarios-2026,2026,Flexible Bit and Semantic On-Demand Transmission Framework in Hyper-Reliable and Low Latency Communications Scenarios,Jingxuan Zhang; Xiqi Cheng; Haijun Zhang; Peng Cui; Suyu Lv; Xiaodong Xu; Ping Zhang; Tony Q. S. Quek,IEEE Transactions on Wireless Communications,article,10.1109/twc.2025.3598278,,,https://doi.org/10.1109/twc.2025.3598278,direct,补充数据库轮次核验：指定负责人直接署名（Ping Zhang）；Crossref/DBLP 正式 DOI 元数据。,,2,True,Crossref/DBLP late-index audit; DOI publisher record,included_late_indexed,补充数据库检索发现的正式同行评审技术论文；通过负责人直接署名、年份、DOI、主题和文献类型核验,papers/2026_Zhang_Flexible_Bit_and_Semantic_On_Demand_Transmission_Framework_in_Hyper_Reliable_and_Low_Laten.pdf,downloaded,reused local corpus: kai-niu-semantic-communications\papers\Flexible_Bit_and_Semantic_On-Demand_Transmission_Framework_in_Hyper-Reliable_and_Low_Latency_Communications_Scenarios.pdf,bdeb1a11fe9341b38ca73ded402f65d6348b6e2231b693885136d25e2458f498,14,fulltext_evidence_extracted,
generative-semantic-communication-for-ai-model-parameters-2026,2026,Generative Semantic Communication for AI Model Parameters,Yihao Sun; Sheng Jiang; Chen Dong; Mengying Sun; Qiyun Guo; Xiaodong Xu; Ping Zhang,IEEE Transactions on Network Science and Engineering,article,10.1109/tnse.2026.3687075,,,https://doi.org/10.1109/tnse.2026.3687075,direct,补充数据库轮次核验：指定负责人直接署名（Ping Zhang）；Crossref/DBLP 正式 DOI 元数据。,,1,True,Crossref/DBLP late-index audit; DOI publisher record,included_late_indexed,补充数据库检索发现的正式同行评审技术论文；通过负责人直接署名、年份、DOI、主题和文献类型核验,papers/2026_Sun_Generative_Semantic_Communication_for_AI_Model_Parameters.pdf,downloaded,reused local corpus: kai-niu-semantic-communications\papers\Generative_Semantic_Communication_for_AI_Model_Parameters.pdf,1efa4614399f22d1900ec4d8800746d5ca1f002a184b48c11f7ea82fd4e9d6f7,19,fulltext_evidence_extracted,
hsckbase-a-robust-hierarchical-federated-learning-framework-for-semantic-communication-knowledge-base-in-regionalized-se-2026,2026,HSCKBase: A Robust Hierarchical Federated Learning Framework for Semantic Communication Knowledge Base in Regionalized Service Scenarios,Liang Li; Nan Ma; Yuhang Zhu; Jinyi Zhao; Xiaoxuan Qi; Ping Zhang,IEEE Transactions on Mobile Computing,article,10.1109/tmc.2026.3684573,https://openalex.org/W7154565866,"Multi-user, real-time semantic communication is the key to applying next-generation mobile communication technologies to realize complex, multimedia interactive applications in regionalized service scenarios. However, two factors challenge existing model-structure-based semantic knowledge base (SKB) updating and aggregation approaches, including the stochastic nature of mobile devices' service participation and the gradient-based update of multimedia multidimensional attributes. Therefore, this paper proposes a hierarchical federated learning (HFL)- based service framework for SKB updating and aggregation. Specifically, we first propose a synchronized waiting mechanism and a dynamic batch-updating aggregation approach for HFL SKB updating to overcome the efficiency and accuracy challenges caused by uncertainty in the distribution of computational resources. Secondly, the HSCKBase framework proposes a forced-wait mechanism for sub-network gradient updates to address the unreliability of gradient computation during sub-network aggregation. Finally, the HSCKBase framework proposes a weighted-average algorithm to mitigate the impact of uneven sub-network distribution, caused by the randomness of mobile device service participation, on the global SKB convergence efficiency and accuracy. Experiments demonstrate that HSCKBase achieves higher global updating and aggregation accuracy, lower communication latency, and greater robustness than existing HFL-based SKB updating and aggregation approaches, while ensuring the availability of the source semantic coding.",https://doi.org/10.1109/tmc.2026.3684573,direct,指定团队负责人直接署名：Ping Zhang,Beijing University of Posts and Telecommunications; Communication University of Zhejiang; Communication University of China,0,True,OpenAlex metadata; DOI verified in acquisition/validation stage,included,正式同行评审技术研究论文，主题与团队归属均满足,papers/2026_Li_HSCKBase_A_Robust_Hierarchical_Federated_Learning_Framework_for_Semantic_Communication_Kno.pdf,downloaded,reused local corpus: kai-niu-semantic-communications\papers\HSCKBase_A_Robust_Hierarchical_Federated_Learning_Framework_for_Semantic_Communication_Knowledge_Base_in_Regionalized_Service_Scenarios.pdf,786a56fea602fcced85bda619f59cb871e18a97002da460d111cadcb3d9bb47c,17,fulltext_evidence_extracted,
important-bits-prefix-m-ary-quadrature-amplitude-modulation-for-semantic-communications-2026,2026,Important Bits Prefix M-Ary Quadrature Amplitude Modulation for Semantic Communications,Haonan Lu; Rui Meng; Xiaodong Xu; Yiming Liu; Ping Zhang; Dusit Niyato,IEEE Wireless Communications Letters,article,10.1109/lwc.2026.3693913,,,https://doi.org/10.1109/lwc.2026.3693913,direct,补充数据库轮次核验：指定负责人直接署名（Ping Zhang）；Crossref/DBLP 正式 DOI 元数据。,,1,True,Crossref/DBLP late-index audit; DOI publisher record,included_late_indexed,补充数据库检索发现的正式同行评审技术论文；通过负责人直接署名、年份、DOI、主题和文献类型核验,papers/2026_Lu_Important_Bits_Prefix_M_Ary_Quadrature_Amplitude_Modulation_for_Semantic_Communications.pdf,downloaded,reused local corpus: digital-semantic-communications\papers\2026_Lu_Important_Bits_Prefix_MQAM_Semantic_Communications.pdf,5038f3269e00b9a90c2565a4deed8cd3ec511b11a0e5b56f4cc74ed14089b9fb,5,fulltext_evidence_extracted,
integration-of-semantic-communication-and-state-tracking-for-intellicise-agentic-collaboration-2026,2026,Integration of Semantic Communication and State Tracking for Intellicise Agentic Collaboration,Yanlin Li; Ruichen Zhang; Junming Shao; Xiaoqi Qin; Dusit Niyato; Ping Zhang,IEEE Communications Magazine,article,10.1109/mcom.001.2500793,,,https://doi.org/10.1109/mcom.001.2500793,direct,补充数据库轮次核验：指定负责人直接署名（Ping Zhang）；Crossref/DBLP 正式 DOI 元数据。,,0,True,Crossref/DBLP late-index audit; DOI publisher record,included_late_indexed,补充数据库检索发现的正式同行评审技术论文；通过负责人直接署名、年份、DOI、主题和文献类型核验,papers/2026_Li_Integration_of_Semantic_Communication_and_State_Tracking_for_Intellicise_Agentic_Collabora.pdf,downloaded,reused local corpus: kai-niu-semantic-communications\papers\Integration_of_Semantic_Communication_and_State_Tracking_for_Intellicise_Agentic_Collaboration.pdf,1513ed32f5dde8501941751348e37b660093d841d42ae1042a308c804c2391ce,8,fulltext_evidence_extracted,
iot-oriented-uplink-multi-user-digital-semantic-communication-system-based-on-model-division-multiple-access-2026,2026,IoT-Oriented Uplink Multi-User Digital Semantic Communication System Based on Model Division Multiple Access,Di Wu; Zhi Zhang; Na Zhang; Yue Meng; Xiaoqi Qin; Yiming Liu; Ping Zhang,IEEE Transactions on Network Science and Engineering,article,10.1109/tnse.2026.3685138,https://openalex.org/W7154702427,"To support the transmission of massive data generated by large-scale distributed intelligent devices in the Internet of Things (IoT) scenario, in this paper, an uplink multi-user digital semantic communication system based on model division multiple access (MDMA) is established. At first, in order to be compatible with existing digital communication equipment, a bit codec model is designed to map the semantic information into bit sequences, which can solve the problem of information loss caused by traditional quantization and codec methods. Next, to meet the connection requirements of massive IoT devices, as well as reduce interference between devices, a joint deep adversarial semantic decomposition (JDASD) algorithm is proposed to derive multiple mutually exclusive semantic models, forming the model resource pool as a new kind of access resource. Finally, we design an uplink MDMA proof-of-concept prototype system applying the universal software radio peripheral (USRP) and implement the proposed JDASD algorithm combining the bit codec model. Numerous simulations and prototype experiments demonstrate the effectiveness and feasibility of the proposed scheme, which achieves better performance in the MDMA system compared to the latest existing schemes.",https://doi.org/10.1109/tnse.2026.3685138,direct,指定团队负责人直接署名：Ping Zhang,Beijing University of Posts and Telecommunications,0,True,OpenAlex metadata; DOI verified in acquisition/validation stage,included,正式同行评审技术研究论文，主题与团队归属均满足,papers/2026_Wu_IoT_Oriented_Uplink_Multi_User_Digital_Semantic_Communication_System_Based_on_Model_Divisi.pdf,downloaded,reused local corpus: kai-niu-semantic-communications\papers\IoT-Oriented_Uplink_Multi-User_Digital_Semantic_Communication_System_Based_on_Model_Division_Multiple_Access.pdf,65ed94c1f9c5e66d5197ed56d513b4052c3d142d6f59b9d9b228844dfe5c3ce6,26,fulltext_evidence_extracted,
proof-of-unlearning-for-semantic-knowledge-bases-in-large-language-models-enabled-semantic-communication-2026,2026,Proof of Unlearning for Semantic Knowledge Bases in Large Language Models-Enabled Semantic Communication,Yijing Lin; Ze Chai; Jiacheng Wang; Zhipeng Gao; Nan Ma; Ping Zhang; Dusit Niyato,IEEE Communications Magazine,article,10.1109/mcom.001.2500479,,,https://doi.org/10.1109/mcom.001.2500479,direct,补充数据库轮次核验：指定负责人直接署名（Ping Zhang）；Crossref/DBLP 正式 DOI 元数据。,,0,True,Crossref/DBLP late-index audit; DOI publisher record,included_late_indexed,补充数据库检索发现的正式同行评审技术论文；通过负责人直接署名、年份、DOI、主题和文献类型核验,papers/2026_Lin_Proof_of_Unlearning_for_Semantic_Knowledge_Bases_in_Large_Language_Models_Enabled_Semantic.pdf,downloaded,reused local corpus: kai-niu-semantic-communications\papers\Proof_of_Unlearning_for_Semantic_Knowledge_Bases_in_Large_Language_Models-Enabled_Semantic_Communication.pdf,42d24dfeef6809993df09fed041d610c80bbe695bcf825c654c296e904e57b59,7,fulltext_evidence_extracted,
robust-information-bottleneck-guided-non-autoregressive-semantic-communication-with-synonymous-mapping-2026,2026,Robust Information Bottleneck Guided Non-Autoregressive Semantic Communication With Synonymous Mapping,Mingtong Zhang; Haixia Zhang; Dongfeng Yuan; Ping Zhang,IEEE Transactions on Wireless Communications,article,10.1109/twc.2026.3679533,,,https://doi.org/10.1109/twc.2026.3679533,direct,补充数据库轮次核验：指定负责人直接署名（Ping Zhang）；Crossref/DBLP 正式 DOI 元数据。,,0,True,Crossref/DBLP late-index audit; DOI publisher record,included_late_indexed,补充数据库检索发现的正式同行评审技术论文；通过负责人直接署名、年份、DOI、主题和文献类型核验,papers/2026_Zhang_Robust_Information_Bottleneck_Guided_Non_Autoregressive_Semantic_Communication_With_Synony.pdf,downloaded,reused local corpus: information-bottleneck-semantic-communications\papers\2026_Wu_RIB_NASC_Synonymous_Mapping.pdf,42fb4d66ab8e127aa5f932d9215a4e390b8f2aaf0e1e3ec25447e9710367df89,16,fulltext_evidence_extracted,
s-mdma-sensitivity-aware-model-division-multiple-access-for-satellite-ground-semantic-communication-2026,2026,S-MDMA: Sensitivity-Aware Model Division Multiple Access for Satellite-Ground Semantic Communication,Hui Cao; Rui Meng; Shujun Han; Song Gao; Xiaodong Xu; Ping Zhang,IEEE Transactions on Network Science and Engineering,article,10.1109/tnse.2026.3679535,,,https://doi.org/10.1109/tnse.2026.3679535,direct,补充数据库轮次核验：指定负责人直接署名（Ping Zhang）；Crossref/DBLP 正式 DOI 元数据。,,0,True,Crossref/DBLP late-index audit; DOI publisher record,included_late_indexed,补充数据库检索发现的正式同行评审技术论文；通过负责人直接署名、年份、DOI、主题和文献类型核验,papers/2026_Cao_S_MDMA_Sensitivity_Aware_Model_Division_Multiple_Access_for_Satellite_Ground_Semantic_Comm.pdf,downloaded,https://arxiv.org/pdf/2601.17731,f7c2ab6c1d0b76541a859d70eaa43007c2876856877849efd532618621892dc8,16,fulltext_evidence_extracted,
s2ie-semantic-and-side-information-embedded-papr-reduction-for-ofdm-based-semantic-communications-2026,2026,S2IE: Semantic and Side Information-Embedded PAPR Reduction for OFDM-Based Semantic Communications,Chenyao Liu; Weiyu Zhao; Yimeng Zhang; Liyang Lu; Wenjun Xu; Nan Ma; Ping Zhang,IEEE Transactions on Network Science and Engineering,article,10.1109/tnse.2026.3697611,,,https://doi.org/10.1109/tnse.2026.3697611,direct,补充数据库轮次核验：指定负责人直接署名（Ping Zhang）；Crossref/DBLP 正式 DOI 元数据。,,0,True,Crossref/DBLP late-index audit; DOI publisher record,included_late_indexed,补充数据库检索发现的正式同行评审技术论文；通过负责人直接署名、年份、DOI、主题和文献类型核验,papers/2026_Liu_S2IE_Semantic_and_Side_Information_Embedded_PAPR_Reduction_for_OFDM_Based_Semantic_Communi.pdf,downloaded,reused local corpus: kai-niu-semantic-communications\papers\S2IE_Semantic_and_Side_Information-Embedded_PAPR_Reduction_for_OFDM-Based_Semantic_Communications.pdf,b5198a898543229d948ebab78eb66c5b7530119641096441ceb046e3f4301c8c,17,fulltext_evidence_extracted,
spharq-based-semantic-communication-2026,2026,SPHARQ-Based Semantic Communication,Wannian An; Chen Dong; Haotai Liang; Xiaodong Xu; Rui Meng; Ping Zhang,IEEE Transactions on Wireless Communications,article,10.1109/twc.2025.3649359,,,https://doi.org/10.1109/twc.2025.3649359,direct,补充数据库轮次核验：指定负责人直接署名（Ping Zhang）；Crossref/DBLP 正式 DOI 元数据。,,1,True,Crossref/DBLP late-index audit; DOI publisher record,included_late_indexed,补充数据库检索发现的正式同行评审技术论文；通过负责人直接署名、年份、DOI、主题和文献类型核验,papers/2026_An_SPHARQ_Based_Semantic_Communication.pdf,downloaded,reused local corpus: kai-niu-semantic-communications\papers\SPHARQ-Based_Semantic_Communication.pdf,a9f73f7d0fbff74d3d96372b34133ecf2562c73f802c8615780b4b7ac7995929,17,fulltext_evidence_extracted,
svwit-synonymous-variational-wireless-image-transmission-for-semantic-communication-2026,2026,SVWIT: Synonymous Variational Wireless Image Transmission for Semantic Communication,Zijian Liang; Sen Wang; Kai Niu; Changshuo Wang; Jin Xu; Ping Zhang,IEEE Transactions on Network Science and Engineering,article,10.1109/tnse.2026.3695381,,,https://doi.org/10.1109/tnse.2026.3695381,direct,"补充数据库轮次核验：指定负责人直接署名（Kai Niu, Ping Zhang）；Crossref/DBLP 正式 DOI 元数据。",,0,True,Crossref/DBLP late-index audit; DOI publisher record,included_late_indexed,补充数据库检索发现的正式同行评审技术论文；通过负责人直接署名、年份、DOI、主题和文献类型核验,papers/2026_Liang_SVWIT_Synonymous_Variational_Wireless_Image_Transmission_for_Semantic_Communication.pdf,downloaded,reused local corpus: kai-niu-semantic-communications\papers\SVWIT_Synonymous_Variational_Wireless_Image_Transmission_for_Semantic_Communication.pdf,55c93d607ac76710664d1cf6c5d7054d9076a46a34ffcefed828315d176c7456,19,fulltext_evidence_extracted,
secure-intellicise-wireless-network-agentic-ai-for-coverless-semantic-steganography-communication-2026,2026,Secure Intellicise Wireless Network: Agentic AI for Coverless Semantic Steganography Communication,Rui Meng; Song Gao; Bingxuan Xu; Xiaodong Xu; Jianqiao Chen; Nan Ma; Pei Xiao; Ping Zhang; Rahim Tafazolli,IEEE Transactions on Cognitive Communications and Networking,article,10.1109/tccn.2026.3692413,,,https://doi.org/10.1109/tccn.2026.3692413,direct,补充数据库轮次核验：指定负责人直接署名（Ping Zhang）；Crossref/DBLP 正式 DOI 元数据。,,0,True,Crossref/DBLP late-index audit; DOI publisher record,included_late_indexed,补充数据库检索发现的正式同行评审技术论文；通过负责人直接署名、年份、DOI、主题和文献类型核验,papers/2026_Meng_Secure_Intellicise_Wireless_Network_Agentic_AI_for_Coverless_Semantic_Steganography_Commun.pdf,downloaded,https://arxiv.org/pdf/2601.16472,ff831f82da80f00a0417a29e57735705ffdadf6f442cb7a689aa3fa49d8bcb4a,16,fulltext_evidence_extracted,
semantic-communication-for-high-speed-mobility-scenarios-a-semantic-otfs-scheme-2026,2026,Semantic Communication for High-Speed Mobility Scenarios: A Semantic-OTFS Scheme,Yucheng Liu; Chen Dong; Haotai Liang; Weizhi Li; Xiaodong Xu; Ping Zhang,IEEE Transactions on Vehicular Technology,article,10.1109/tvt.2026.3670829,,,https://doi.org/10.1109/tvt.2026.3670829,direct,补充数据库轮次核验：指定负责人直接署名（Ping Zhang）；Crossref/DBLP 正式 DOI 元数据。,,0,True,Crossref/DBLP late-index audit; DOI publisher record,included_late_indexed,补充数据库检索发现的正式同行评审技术论文；通过负责人直接署名、年份、DOI、主题和文献类型核验,papers/2026_Liu_Semantic_Communication_for_High_Speed_Mobility_Scenarios_A_Semantic_OTFS_Scheme.pdf,downloaded,reused local corpus: kai-niu-semantic-communications\papers\Semantic_Communication_for_High-Speed_Mobility_Scenarios_A_Semantic-OTFS_Scheme.pdf,7dcf42c088ea7a9b0d2cfb95dd6b5baeb2f7c7c3ea86689ad9e96c6e921470fd,15,fulltext_evidence_extracted,
semantic-communications-for-uav-data-aggregation-a-layered-design-against-alterable-hovering-position-2026,2026,Semantic Communications for UAV Data Aggregation: A Layered Design Against Alterable Hovering Position,Lan Lin; Wenjun Xu; Yimeng Zhang; Xin Yuan; Jinglin Zhang; Zhu Han; Ping Zhang,IEEE Transactions on Wireless Communications,article,10.1109/twc.2025.3614182,,,https://doi.org/10.1109/twc.2025.3614182,direct,补充数据库轮次核验：指定负责人直接署名（Ping Zhang）；Crossref/DBLP 正式 DOI 元数据。,,1,True,Crossref/DBLP late-index audit; DOI publisher record,included_late_indexed,补充数据库检索发现的正式同行评审技术论文；通过负责人直接署名、年份、DOI、主题和文献类型核验,papers/2026_Lin_Semantic_Communications_for_UAV_Data_Aggregation_A_Layered_Design_Against_Alterable_Hoveri.pdf,downloaded,reused local corpus: kai-niu-semantic-communications\papers\Semantic_Communications_for_UAV_Data_Aggregation_A_Layered_Design_Against_Alterable_Hovering_Position.pdf,b4a96b414d36c6e8469e5535f822dbe805a84b68febf2d22689f76be69f53fe8,17,fulltext_evidence_extracted,
semantic-knowledge-base-based-dual-mode-video-semantic-communication-2026,2026,Semantic Knowledge Base Based Dual-mode Video Semantic Communication,Zhicheng Bao; Long Liu; Nan Ma; Chen Dong; Hao Chen; Xiaodong Xu; Ping Zhang,ICC 2026 - IEEE International Conference on Communications,proceedings-article,10.1109/icc59461.2026.11587854,,,https://doi.org/10.1109/icc59461.2026.11587854,direct,补充数据库轮次核验：指定负责人直接署名（Ping Zhang）；Crossref/DBLP 正式 DOI 元数据。,,0,True,Crossref/DBLP late-index audit; DOI publisher record,included_late_indexed,补充数据库检索发现的正式同行评审技术论文；通过负责人直接署名、年份、DOI、主题和文献类型核验,papers/2026_Bao_Semantic_Knowledge_Base_Based_Dual_mode_Video_Semantic_Communication.pdf,downloaded,reused local corpus: kai-niu-semantic-communications\papers\Semantic_Knowledge_Base_Based_Dual-mode_Video_Semantic_Communication.pdf,18f9b6a6c29447ceaf41453bf7d8e31f3d57b43a2f782a706cf2eba30aeb7948,6,fulltext_evidence_extracted,
semantic-knowledge-base-enhanced-joint-source-channel-coding-framework-for-robust-semantic-communications-2026,2026,Semantic Knowledge Base-Enhanced Joint Source-Channel Coding Framework for Robust Semantic Communications,Haixiao Gao; Mengying Sun; Yanhan Wang; Xiaodong Xu; Zechuan Fang; Nan Ma; Ping Zhang,2026 IEEE Wireless Communications and Networking Conference (WCNC),proceedings-article,10.1109/wcnc65185.2026.11555589,,,https://doi.org/10.1109/wcnc65185.2026.11555589,direct,补充数据库轮次核验：指定负责人直接署名（Ping Zhang）；Crossref/DBLP 正式 DOI 元数据。,,0,True,Crossref/DBLP late-index audit; DOI publisher record,included_late_indexed,补充数据库检索发现的正式同行评审技术论文；通过负责人直接署名、年份、DOI、主题和文献类型核验,papers/2026_Gao_Semantic_Knowledge_Base_Enhanced_Joint_Source_Channel_Coding_Framework_for_Robust_Semantic.pdf,downloaded,reused local corpus: kai-niu-semantic-communications\papers\Semantic_Knowledge_Base-Enhanced_Joint_Source-Channel_Coding_Framework_for_Robust_Semantic_Communications.pdf,b02307dc09e4a06d6011035930d7744b0ab442a2466b22db1c8b2581c2b2c65f,6,fulltext_evidence_extracted,
vq-dsc-r-robust-vector-quantized-enabled-digital-semantic-communication-with-ofdm-transmission-2026,2026,VQ-DSC-R: Robust Vector Quantized-Enabled Digital Semantic Communication With OFDM Transmission,Jianqiao Chen; Nan Ma; Xiaodong Xu; Tingting Zhu; Huishi Song; Chen Dong; Wenkai Liu; Rui Meng; Ping Zhang,IEEE Transactions on Cognitive Communications and Networking,article,10.1109/tccn.2026.3712380,https://openalex.org/W7168183616,,https://doi.org/10.1109/tccn.2026.3712380,direct,指定团队负责人直接署名：Ping Zhang,Ubiquitous Energy (United States); Beijing University of Posts and Telecommunications,0,True,OpenAlex metadata; DOI verified in acquisition/validation stage,included,正式同行评审技术研究论文，主题与团队归属均满足,papers/2026_Chen_VQ_DSC_R_Robust_Vector_Quantized_Enabled_Digital_Semantic_Communication_With_OFDM_Transmis.pdf,downloaded,reused local corpus: digital-semantic-communications\papers\2026_Chen_VQ_DSC_R_OFDM.pdf,346bae8bec470b67244256fd75361bf47612266d97f3e0990eb8c68ad134de81,13,fulltext_evidence_extracted,
