citation_key,year,title,authors,venue,work_type,doi,openalex_id,abstract,official_url,team_scope,team_evidence,affiliations,cited_by_count,source_verified,source_verification,screening_status,screening_reason,pdf,download_status,download_source,sha256,pages,analysis_status,cross_team_duplicate_of
airnet-neural-network-transmission-over-the-air-2021,2021,AirNet: Neural Network Transmission over the Air,Mikołaj Jankowski; Denız Gündüz; Krystian Mikolajczyk,arXiv (Cornell University),preprint,10.48550/arxiv.2105.11166,https://openalex.org/W4287177376,"State-of-the-art performance for many edge applications is achieved by deep neural networks (DNNs). Often, these DNNs are location- and time-sensitive, and must be delivered over a wireless channel rapidly and efficiently. In this paper, we introduce AirNet, a family of novel training and transmission methods that allow DNNs to be efficiently delivered over wireless channels under stringent transmit power and latency constraints. This corresponds to a new class of joint source-channel coding problems, aimed at delivering DNNs with the goal of maximizing their accuracy at the receiver, rather than recovering them with high fidelity. In AirNet, we propose the direct mapping of the DNN parameters to transmitted channel symbols, while the network is trained to meet the channel constraints, and exhibit robustness against channel noise. AirNet achieves higher accuracy compared to separation-based alternatives. We further improve the performance of AirNet by pruning the network below the available bandwidth, and expanding it for improved robustness. We also benefit from unequal error protection by selectively expanding important layers of the network. Finally, we develop an approach, which simultaneously trains a spectrum of DNNs, each targeting a different channel condition, resolving the impractical memory requirements of training distinct networks for different channel conditions.",https://doi.org/10.48550/arxiv.2105.11166,direct,指定团队负责人直接署名：Denız Gündüz,,0,True,OpenAlex metadata; DOI verified in acquisition/validation stage,excluded,非正式期刊/会议技术论文类型：preprint,,pending,,,0,metadata_screened,
bandwidth-agile-image-transmission-with-deep-joint-source-channel-coding-2021,2021,Bandwidth-Agile Image Transmission With Deep Joint Source-Channel Coding,David Burth Kurka; Denız Gündüz,IEEE Transactions on Wireless Communications,preprint,10.1109/twc.2021.3090048,https://openalex.org/W3089229692,"We propose deep learning based communication methods for adaptive-bandwidth transmission of images over wireless channels. We consider the scenario in which images are transmitted progressively in layers over time or frequency, and such layers can be aggregated by receivers in order to increase the quality of their reconstructions. We investigate two scenarios, one in which the layers are sent sequentially, and incrementally contribute to the refinement of a reconstruction, and another in which the layers are independent and can be retrieved in any order. Those scenarios correspond to the well known problems of <italic xmlns:mml=""http://www.w3.org/1998/Math/MathML"" xmlns:xlink=""http://www.w3.org/1999/xlink"">successive refinement</i> and <italic xmlns:mml=""http://www.w3.org/1998/Math/MathML"" xmlns:xlink=""http://www.w3.org/1999/xlink"">multiple descriptions</i> , respectively, in the context of joint source-channel coding (JSCC). We propose DeepJSCC- <inline-formula xmlns:mml=""http://www.w3.org/1998/Math/MathML"" xmlns:xlink=""http://www.w3.org/1999/xlink""> <tex-math notation=""LaTeX"">$l$ </tex-math></inline-formula> , an innovative solution that uses convolutional autoencoders, and present three architectures with different complexity trade-offs. To the best of our knowledge, this is the first practical multiple-description JSCC scheme developed and tested for practical information sources and channels. Numerical results show that DeepJSCC- <inline-formula xmlns:mml=""http://www.w3.org/1998/Math/MathML"" xmlns:xlink=""http://www.w3.org/1999/xlink""> <tex-math notation=""LaTeX"">$l$ </tex-math></inline-formula> can learn to transmit the source progressively with negligible losses in the end-to-end performance compared with a single transmission. Moreover, DeepJSCC- <inline-formula xmlns:mml=""http://www.w3.org/1998/Math/MathML"" xmlns:xlink=""http://www.w3.org/1999/xlink""> <tex-math notation=""LaTeX"">$l$ </tex-math></inline-formula> has comparable performance with state of the art digital progressive transmission schemes in the challenging low signal-to-noise ratio (SNR) and small bandwidth regimes, with the additional advantage of graceful degradation with channel SNR.",https://doi.org/10.1109/twc.2021.3090048,direct,指定团队负责人直接署名：Denız Gündüz,Imperial College London,2,True,OpenAlex metadata; DOI verified in acquisition/validation stage,excluded,非正式期刊/会议技术论文类型：preprint,,pending,,,0,metadata_screened,
deepjscc-q-channel-input-constrained-deep-joint-source-channel-coding-2021,2021,DeepJSCC-Q: Channel Input Constrained Deep Joint Source-Channel Coding,Tze-Yang Tung; David Burth Kurka; Mikołaj Jankowski; Denız Gündüz,arXiv (Cornell University),preprint,10.48550/arxiv.2111.13042,https://openalex.org/W4226379375,"Recent works have shown that the task of wireless transmission of images can be learned with the use of machine learning techniques. Very promising results in end-to-end image quality, superior to popular digital schemes that utilize source and channel coding separation, have been demonstrated through the training of an autoencoder, with a non-trainable channel layer in the middle. However, these methods assume that any complex value can be transmitted over the channel, which can prevent the application of the algorithm in scenarios where the hardware or protocol can only admit certain sets of channel inputs, such as the use of a digital constellation. Herein, we propose DeepJSCC-Q, an end-to-end optimized joint source-channel coding scheme for wireless image transmission, which is able to operate with a fixed channel input alphabet. We show that DeepJSCC-Q can achieve similar performance to models that use continuous-valued channel input. Importantly, it preserves the graceful degradation of image quality observed in prior work when channel conditions worsen, making DeepJSCC-Q much more attractive for deployment in practical systems.",https://doi.org/10.48550/arxiv.2111.13042,direct,指定团队负责人直接署名：Denız Gündüz,,0,True,OpenAlex metadata; DOI verified in acquisition/validation stage,excluded,非正式期刊/会议技术论文类型：preprint,,pending,,,0,metadata_screened,
deepwive-deep-learning-aided-wireless-video-transmission-2021,2021,DeepWiVe: Deep-Learning-Aided Wireless Video Transmission,Tze-Yang Tung; Denız Gündüz,arXiv (Cornell University),preprint,10.48550/arxiv.2111.13034,https://openalex.org/W4286850437,"We present DeepWiVe, the first-ever end-to-end joint source-channel coding (JSCC) video transmission scheme that leverages the power of deep neural networks (DNNs) to directly map video signals to channel symbols, combining video compression, channel coding, and modulation steps into a single neural transform. Our DNN decoder predicts residuals without distortion feedback, which improves video quality by accounting for occlusion/disocclusion and camera movements. We simultaneously train different bandwidth allocation networks for the frames to allow variable bandwidth transmission. Then, we train a bandwidth allocation network using reinforcement learning (RL) that optimizes the allocation of limited available channel bandwidth among video frames to maximize overall visual quality. Our results show that DeepWiVe can overcome the cliff-effect, which is prevalent in conventional separation-based digital communication schemes, and achieve graceful degradation with the mismatch between the estimated and actual channel qualities. DeepWiVe outperforms H.264 video compression followed by low-density parity check (LDPC) codes in all channel conditions by up to 0.0462 on average in terms of the multi-scale structural similarity index measure (MS-SSIM), while beating H.265 + LDPC by up to 0.0058 on average. We also illustrate the importance of optimizing bandwidth allocation in JSCC video transmission by showing that our optimal bandwidth allocation policy is superior to the naïve uniform allocation. We believe this is an important step towards fulfilling the potential of an end-to-end optimized JSCC wireless video transmission system that is superior to the current separation-based designs.",https://doi.org/10.48550/arxiv.2111.13034,direct,指定团队负责人直接署名：Denız Gündüz,,0,True,OpenAlex metadata; DOI verified in acquisition/validation stage,excluded,非正式期刊/会议技术论文类型：preprint,,pending,,,0,metadata_screened,
privacy-aware-communication-over-a-wiretap-channel-with-generative-networks-2021,2021,Privacy-Aware Communication Over a Wiretap Channel with Generative Networks,Ecenaz Erdemir; Pier Luigi Dragotti; Denız Gündüz,arXiv (Cornell University),preprint,10.48550/arxiv.2110.04094,https://openalex.org/W4286908305,"We study privacy-aware communication over a wiretap channel using end-to-end learning. Alice wants to transmit a source signal to Bob over a binary symmetric channel, while passive eavesdropper Eve tries to infer some sensitive attribute of Alice's source based on its overheard signal. Since we usually do not have access to true distributions, we propose a data-driven approach using variational autoencoder (VAE)-based joint source channel coding (JSCC). We show through simulations with the colored MNIST dataset that our approach provides high reconstruction quality at the receiver while confusing the eavesdropper about the latent sensitive attribute, which consists of the color and thickness of the digits. Finally, we consider a parallel-channel scenario, and show that our approach arranges the information transmission such that the channels with higher noise levels at the eavesdropper carry the sensitive information, while the non-sensitive information is transmitted over more vulnerable channels.",https://doi.org/10.48550/arxiv.2110.04094,direct,指定团队负责人直接署名：Denız Gündüz,,0,True,OpenAlex metadata; DOI verified in acquisition/validation stage,excluded,非正式期刊/会议技术论文类型：preprint,,pending,,,0,metadata_screened,
progressive-feature-transmission-for-split-inference-at-the-wireless-edge-2021,2021,Progressive Feature Transmission for Split Inference at the Wireless Edge,Qiao Lan; Qunsong Zeng; Petar Popovski; Denız Gündüz; Kaibin Huang,arXiv (Cornell University),preprint,10.48550/arxiv.2112.07244,https://openalex.org/W4200632823,"In edge inference, an edge server provides remote-inference services to edge devices. This requires the edge devices to upload high-dimensional features of data samples over resource-constrained wireless channels, which creates a communication bottleneck. The conventional solution of feature pruning requires that the device has access to the inference model, which is unavailable in the current scenario of split inference. To address this issue, we propose the progressive feature transmission (ProgressFTX) protocol, which minimizes the overhead by progressively transmitting features until a target confidence level is reached. The optimal control policy of the protocol to accelerate inference is derived and it comprises two key operations. The first is importance-aware feature selection at the server, for which it is shown to be optimal to select the most important features, characterized by the largest discriminant gains of the corresponding feature dimensions. The second is transmission-termination control by the server for which the optimal policy is shown to exhibit a threshold structure. Specifically, the transmission is stopped when the incremental uncertainty reduction by further feature transmission is outweighed by its communication cost. The indices of the selected features and transmission decision are fed back to the device in each slot. The optimal policy is first derived for the tractable case of linear classification and then extended to the more complex case of classification using a convolutional neural network. Both Gaussian and fading channels are considered. Experimental results are obtained for both a statistical data model and a real dataset. It is seen that ProgressFTX can substantially reduce the communication latency compared to conventional feature pruning and random feature transmission.",https://doi.org/10.48550/arxiv.2112.07244,direct,指定团队负责人直接署名：Denız Gündüz,,7,True,OpenAlex metadata; DOI verified in acquisition/validation stage,excluded,非正式期刊/会议技术论文类型：preprint,,pending,,,0,metadata_screened,
a-theory-of-semantic-communication-2022,2022,A Theory of Semantic Communication,Yulin Shao; Qi Cao; Denız Gündüz,arXiv (Cornell University),preprint,10.48550/arxiv.2212.01485,https://openalex.org/W4310820235,"Semantic communication is an emerging research area that has gained a wide range of attention recently. Despite this growing interest, there remains a notable absence of a comprehensive and widely-accepted framework for characterizing semantic communication. This paper introduces a new conceptualization of semantic communication and formulates two fundamental problems, which we term language exploitation and language design. Our contention is that the challenge of language design can be effectively situated within the broader framework of joint source-channel coding theory, underpinned by a comprehensive end-to-end distortion metric. To tackle the language exploitation problem, we put forth three approaches: semantic encoding, semantic decoding, and a synergistic combination of both in the form of combined semantic encoding and decoding. Furthermore, we establish the semantic distortion-cost region as a critical framework for assessing the language exploitation problem. For each of the three proposed approaches, the achievable distortion-cost region is characterized. Overall, this paper aims to shed light on the intricate dynamics of semantic communication, paving the way for a deeper understanding of this evolving field.",https://doi.org/10.48550/arxiv.2212.01485,direct,指定团队负责人直接署名：Denız Gündüz,,12,True,OpenAlex metadata; DOI verified in acquisition/validation stage,excluded,非正式期刊/会议技术论文类型：preprint,,pending,,,0,metadata_screened,
beyond-transmitting-bits-context-semantics-and-task-oriented-communications-2022,2022,"Beyond Transmitting Bits: Context, Semantics, and Task-Oriented Communications",Denız Gündüz; Zhijin Qin; Iñaki Estella Aguerri; Harpreet S. Dhillon; Zhaohui Yang; Aylin Yener; Kai‐Kit Wong; Chan‐Byoung Chae,IEEE Journal on Selected Areas in Communications,article,10.1109/jsac.2022.3223408,https://openalex.org/W4313455370,"Communication systems to date primarily aim at reliably communicating bit sequences. Such an approach provides efficient engineering designs that are agnostic to the meanings of the messages or to the goal that the message exchange aims to achieve. Next generation systems, however, can be potentially enriched by folding message semantics and goals of communication into their design. Further, these systems can be made cognizant of the context in which communication exchange takes place, thereby providing avenues for novel design insights. This tutorial summarizes the efforts to date, starting from its early adaptations, semantic-aware and task-oriented communications, covering the foundations, algorithms and potential implementations. The focus is on approaches that utilize information theory to provide the foundations, as well as the significant role of learning in semantics and task-aware communications.",https://doi.org/10.1109/jsac.2022.3223408,direct,指定团队负责人直接署名：Denız Gündüz,Imperial College London; Tsinghua University; Virginia Tech; Zhejiang Lab; Zhejiang University; The Ohio State University; Yonsei University; University College London,637,True,OpenAlex metadata; DOI verified in acquisition/validation stage,excluded,综述、教程、愿景或编者按，非正式技术研究论文,,pending,,,0,metadata_screened,
beyond-transmitting-bits-context-semantics-and-task-oriented-communications-2022,2022,"Beyond Transmitting Bits: Context, Semantics, and Task-Oriented Communications",Denız Gündüz; Zhijin Qin; Iñaki Estella Aguerri; Harpreet S. Dhillon; Zhaohui Yang; Aylin Yener; Kai‐Kit Wong; Chan‐Byoung Chae,arXiv (Cornell University),preprint,10.48550/arxiv.2207.09353,https://openalex.org/W4286224510,"Communication systems to date primarily aim at reliably communicating bit sequences. Such an approach provides efficient engineering designs that are agnostic to the meanings of the messages or to the goal that the message exchange aims to achieve. Next generation systems, however, can be potentially enriched by folding message semantics and goals of communication into their design. Further, these systems can be made cognizant of the context in which communication exchange takes place, providing avenues for novel design insights. This tutorial summarizes the efforts to date, starting from its early adaptations, semantic-aware and task-oriented communications, covering the foundations, algorithms and potential implementations. The focus is on approaches that utilize information theory to provide the foundations, as well as the significant role of learning in semantics and task-aware communications.",https://doi.org/10.48550/arxiv.2207.09353,direct,指定团队负责人直接署名：Denız Gündüz,,26,True,OpenAlex metadata; DOI verified in acquisition/validation stage,excluded,非正式期刊/会议技术论文类型：preprint,,pending,,,0,metadata_screened,
deep-joint-source-channel-and-encryption-coding-secure-semantic-communications-2022,2022,Deep Joint Source-Channel and Encryption Coding: Secure Semantic Communications,Tze-Yang Tung; Denız Gündüz,arXiv (Cornell University),preprint,10.48550/arxiv.2208.09245,https://openalex.org/W4292761180,"Deep learning driven joint source-channel coding (JSCC) for wireless image or video transmission, also called DeepJSCC, has been a topic of interest recently with very promising results. The idea is to map similar source samples to nearby points in the channel input space such that, despite the noise introduced by the channel, the input can be recovered with minimal distortion. In DeepJSCC, this is achieved by an autoencoder architecture with a non-trainable channel layer between the encoder and decoder. DeepJSCC has many favorable properties, such as better end-to-end distortion performance than its separate source and channel coding counterpart as well as graceful degradation with respect to channel quality. However, due to the inherent correlation between the source sample and channel input, DeepJSCC is vulnerable to eavesdropping attacks. In this paper, we propose the first DeepJSCC scheme for wireless image transmission that is secure against eavesdroppers, called DeepJSCEC. DeepJSCEC not only preserves the favorable properties of DeepJSCC, it also provides security against chosen-plaintext attacks from the eavesdropper, without the need to make assumptions about the eavesdropper's channel condition, or its intended use of the intercepted signal. Numerical results show that DeepJSCEC achieves similar or better image quality than separate source coding using BPG compression, AES encryption, and LDPC codes for channel coding, while preserving the graceful degradation of image quality with respect to channel quality. We also show that the proposed encryption method is problem agnostic, meaning it can be applied to other end-to-end JSCC problems, such as remote classification, without modification. Given the importance of security in modern wireless communication systems, we believe this work brings DeepJSCC schemes much closer to adoption in practice.",https://doi.org/10.48550/arxiv.2208.09245,direct,指定团队负责人直接署名：Denız Gündüz,,1,True,OpenAlex metadata; DOI verified in acquisition/validation stage,excluded,非正式期刊/会议技术论文类型：preprint,,pending,,,0,metadata_screened,
deep-joint-source-channel-coding-for-semantic-communications-2022,2022,Deep Joint Source-Channel Coding for Semantic Communications,Jialong Xu; Tze-Yang Tung; Bo Ai; Wei Chen; Yuxuan Sun; Denız Gündüz,arXiv (Cornell University),preprint,10.48550/arxiv.2211.08747,https://openalex.org/W4319996072,"Semantic communications is considered as a promising technology to increase the efficiency of next-generation communication systems, particularly targeting human-machine and machine-type communications. In contrast to the source-agnostic approach of conventional wireless communication systems, semantic communication seeks to ensure that only the relevant information for the underlying task is communicated to the receiver. Considering that most semantic communication applications have strict latency, bandwidth, and power constraints, a prominent approach is to model them as a joint source-channel coding (JSCC) problem. Although JSCC has been a long-standing open problem in communication and coding theory, remarkable performance gains have been shown recently over existing separate source and channel coding systems, particularly in low-latency and low-power scenarios. Recent progress is thanks to the adoption of deep learning techniques for joint source-channel code design that outperform the concatenation of state-of-the-art compression and channel coding schemes, which are results of decades-long research efforts. In this article, we present an adaptive deep learning based JSCC (DeepJSCC) architecture for semantic communications, introduce its design principles, highlight its benefits, and outline future research challenges that lie ahead.",https://doi.org/10.48550/arxiv.2211.08747,direct,指定团队负责人直接署名：Denız Gündüz,,4,True,OpenAlex metadata; DOI verified in acquisition/validation stage,excluded,非正式期刊/会议技术论文类型：preprint,,pending,,,0,metadata_screened,
deep-joint-source-channel-coding-over-cooperative-relay-networks-2022,2022,Deep Joint Source-Channel Coding Over Cooperative Relay Networks,Chenghong Bian; Yulin Shao; Haotian Wu; Denız Gündüz,arXiv (Cornell University),preprint,10.48550/arxiv.2211.06705,https://openalex.org/W4309130261,"This paper presents a novel deep joint source-channel coding (DeepJSCC) scheme for image transmission over a half-duplex cooperative relay channel. Specifically, we apply DeepJSCC to two basic modes of cooperative communications, namely amplify-and-forward (AF) and decode-and-forward (DF). In DeepJSCC-AF, the relay simply amplifies and forwards its received signal. In DeepJSCC-DF, on the other hand, the relay first reconstructs the transmitted image and then re-encodes it before forwarding. Considering the excessive computation overhead of DeepJSCC-DF for recovering the image at the relay, we propose an alternative scheme, called DeepJSCC-PF, in which the relay processes and forwards its received signal without necessarily recovering the image. Simulation results show that the proposed DeepJSCC-AF, DF, and PF schemes are superior to the digital baselines with BPG compression with polar codes and provides a graceful performance degradation with deteriorating channel quality. Further investigation shows that the PSNR gain of DeepJSCC-DF/PF over DeepJSCC-AF improves as the channel condition between the source and relay improves. Moreover, DeepJSCC-PF scheme achieves a similar performance to DeepJSCC-DF with lower computational complexity.",https://doi.org/10.48550/arxiv.2211.06705,direct,指定团队负责人直接署名：Denız Gündüz,,12,True,OpenAlex metadata; DOI verified in acquisition/validation stage,excluded,非正式期刊/会议技术论文类型：preprint,,pending,,,0,metadata_screened,
deep-neural-networks-for-joint-source-channel-coding-2022,2022,Deep Neural Networks for Joint Source-Channel Coding,Yonina C. Eldar; Andrea Goldsmith; Denız Gündüz; H. Vincent Poor,Cambridge University Press eBooks,book-chapter,10.1017/9781108966559.004,https://openalex.org/W4282971940,A summary is not available for this content so a preview has been provided. Please use the Get access link above for information on how to access this content.,https://doi.org/10.1017/9781108966559.004,direct,指定团队负责人直接署名：Denız Gündüz,Weizmann Institute of Science; Princeton University; Imperial College London,0,True,OpenAlex metadata; DOI verified in acquisition/validation stage,excluded,非正式期刊/会议技术论文类型：book-chapter,,pending,,,0,metadata_screened,
deepjscc-q-constellation-constrained-deep-joint-source-channel-coding-2022,2022,DeepJSCC-Q: Constellation Constrained Deep Joint Source-Channel Coding,Tze-Yang Tung; David Burth Kurka; Mikołaj Jankowski; Denız Gündüz,arXiv (Cornell University),preprint,10.48550/arxiv.2206.08100,https://openalex.org/W4283071218,"Recent works have shown that modern machine learning techniques can provide an alternative approach to the long-standing joint source-channel coding (JSCC) problem. Very promising initial results, superior to popular digital schemes that utilize separate source and channel codes, have been demonstrated for wireless image and video transmission using deep neural networks (DNNs). However, end-to-end training of such schemes requires a differentiable channel input representation; hence, prior works have assumed that any complex value can be transmitted over the channel. This can prevent the application of these codes in scenarios where the hardware or protocol can only admit certain sets of channel inputs, prescribed by a digital constellation. Herein, we propose DeepJSCC-Q, an end-to-end optimized JSCC solution for wireless image transmission using a finite channel input alphabet. We show that DeepJSCC-Q can achieve similar performance to prior works that allow any complex valued channel input, especially when high modulation orders are available, and that the performance asymptotically approaches that of unconstrained channel input as the modulation order increases. Importantly, DeepJSCC-Q preserves the graceful degradation of image quality in unpredictable channel conditions, a desirable property for deployment in mobile systems with rapidly changing channel conditions.",https://doi.org/10.48550/arxiv.2206.08100,direct,指定团队负责人直接署名：Denız Gündüz,,3,True,OpenAlex metadata; DOI verified in acquisition/validation stage,excluded,非正式期刊/会议技术论文类型：preprint,,pending,,,0,metadata_screened,
distributed-deep-joint-source-channel-coding-over-a-multiple-access-channel-2022,2022,Distributed Deep Joint Source-Channel Coding over a Multiple Access Channel,Selim F. Yilmaz; Can Karamanlı; Denız Gündüz,arXiv (Cornell University),preprint,10.48550/arxiv.2211.09920,https://openalex.org/W4309581894,"We consider distributed image transmission over a noisy multiple access channel (MAC) using deep joint source-channel coding (DeepJSCC). It is known that Shannon's separation theorem holds when transmitting independent sources over a MAC in the asymptotic infinite block length regime. However, we are interested in the practical finite block length regime, in which case separate source and channel coding is known to be suboptimal. We introduce a novel joint image compression and transmission scheme, where the devices send their compressed image representations in a non-orthogonal manner. While non-orthogonal multiple access (NOMA) is known to achieve the capacity region, to the best of our knowledge, non-orthogonal joint source channel coding (JSCC) scheme for practical systems has not been studied before. Through extensive experiments, we show significant improvements in terms of the quality of the reconstructed images compared to orthogonal transmission employing current DeepJSCC approaches particularly for low bandwidth ratios. We publicly share source code to facilitate further research and reproducibility.",https://doi.org/10.48550/arxiv.2211.09920,direct,指定团队负责人直接署名：Denız Gündüz,Imperial College London,1,True,OpenAlex metadata; DOI verified in acquisition/validation stage,excluded,非正式期刊/会议技术论文类型：preprint,,pending,,,0,metadata_screened,
generative-joint-source-channel-coding-for-semantic-image-transmission-2022,2022,Generative Joint Source-Channel Coding for Semantic Image Transmission,Ecenaz Erdemir; Tze-Yang Tung; Pier Luigi Dragotti; Denız Gündüz,arXiv (Cornell University),preprint,10.48550/arxiv.2211.13772,https://openalex.org/W4310281044,"Recent works have shown that joint source-channel coding (JSCC) schemes using deep neural networks (DNNs), called DeepJSCC, provide promising results in wireless image transmission. However, these methods mostly focus on the distortion of the reconstructed signals with respect to the input image, rather than their perception by humans. However, focusing on traditional distortion metrics alone does not necessarily result in high perceptual quality, especially in extreme physical conditions, such as very low bandwidth compression ratio (BCR) and low signal-to-noise ratio (SNR) regimes. In this work, we propose two novel JSCC schemes that leverage the perceptual quality of deep generative models (DGMs) for wireless image transmission, namely InverseJSCC and GenerativeJSCC. While the former is an inverse problem approach to DeepJSCC, the latter is an end-to-end optimized JSCC scheme. In both, we optimize a weighted sum of mean squared error (MSE) and learned perceptual image patch similarity (LPIPS) losses, which capture more semantic similarities than other distortion metrics. InverseJSCC performs denoising on the distorted reconstructions of a DeepJSCC model by solving an inverse optimization problem using style-based generative adversarial network (StyleGAN). Our simulation results show that InverseJSCC significantly improves the state-of-the-art (SotA) DeepJSCC in terms of perceptual quality in edge cases. In GenerativeJSCC, we carry out end-to-end training of an encoder and a StyleGAN-based decoder, and show that GenerativeJSCC significantly outperforms DeepJSCC both in terms of distortion and perceptual quality.",https://doi.org/10.48550/arxiv.2211.13772,direct,指定团队负责人直接署名：Denız Gündüz,,3,True,OpenAlex metadata; DOI verified in acquisition/validation stage,excluded,非正式期刊/会议技术论文类型：preprint,,pending,,,0,metadata_screened,
guest-editorial-special-issue-on-beyond-transmitting-bits-context-semantics-and-task-oriented-communications-2022,2022,"Guest Editorial Special Issue on Beyond Transmitting Bits: Context, Semantics, and Task-Oriented Communications",Denız Gündüz; Zhijin Qin; Iñaki Estella Aguerri; Harpreet S. Dhillon; Zhaohui Yang; Aylin Yener; Kai‐Kit Wong; Chan‐Byoung Chae,IEEE Journal on Selected Areas in Communications,editorial,10.1109/jsac.2022.3221853,https://openalex.org/W4311897569,"It is our pleasure to share with you this Special Issue, which brings together a diverse set of articles dealing with various aspects of semantic and goal-oriented communications, providing a snapshot of research activities in this highly active research area. Wireless communications and networking research has traditionally focused on improving the capacity and throughput of the underlying wireless network. However, recent explosion in data-driven machine learning applications and their reliance on huge datasets collected by edge devices have raised legitimate concerns that the increasing data traffic might soon overwhelm the capacity of current networks despite ongoing efforts to increase their capacity and efficiency. Also, most of the edge intelligence applications impose stringent delay constraints, which cannot be met by naive forwarding of data samples for processing at the receiver end. This made it obvious to researchers in both academia and industry that it is essential to analyze the “value” or “relevance” of collected data, and filter and prioritize the delivery of data based on its value/relevance as well as the wireless channel and network conditions. In this context, data value will be closely connected to the underlying signals and processes that generate the data, e.g., text, image, video, or sensor data, and what the receiver intends to do with the received data. This subjectivity of data value makes semantic and goal-oriented communication a rather elusive research topic, which has led to both an increasingly rich and active area of investigation, but also a controversial one, mainly due to the lack of clear and widely agreed-upon definitions of some of the core concepts and formulations. Despite these disagreements, there is almost unanimous consensus on the importance and potential impact of this line of investigation for the design of future communication systems and networks.",https://doi.org/10.1109/jsac.2022.3221853,direct,指定团队负责人直接署名：Denız Gündüz,Imperial College London; Tsinghua University; Virginia Tech; Zhejiang Lab; Zhejiang University; The Ohio State University; University College London; Yonsei University,9,True,OpenAlex metadata; DOI verified in acquisition/validation stage,excluded,非正式期刊/会议技术论文类型：editorial,,pending,,,0,metadata_screened,
semantic-communications-with-discrete-time-analog-transmission-a-papr-perspective-2022,2022,Semantic Communications with Discrete-time Analog Transmission: A PAPR Perspective,Yulin Shao; Denız Gündüz,arXiv (Cornell University),preprint,10.48550/arxiv.2208.08342,https://openalex.org/W4300571069,"Recent progress in deep learning (DL)-based joint source-channel coding (DeepJSCC) has led to a new paradigm of semantic communications. Two salient features of DeepJSCC-based semantic communications are the exploitation of semantic-aware features directly from the source signal, and the discrete-time analog transmission (DTAT) of these features. Compared with traditional digital communications, semantic communications with DeepJSCC provide superior reconstruction performance at the receiver and graceful degradation with diminishing channel quality, but also exhibit a large peak-to-average power ratio (PAPR) in the transmitted signal. An open question has been whether the gains of DeepJSCC come from the additional freedom brought by the high-PAPR continuous-amplitude signal. In this paper, we address this question by exploring three PAPR reduction techniques in the application of image transmission. We confirm that the superior image reconstruction performance of DeepJSCC-based semantic communications can be retained while the transmitted PAPR is suppressed to an acceptable level. This observation is an important step towards the implementation of DeepJSCC in practical semantic communication systems.",https://doi.org/10.48550/arxiv.2208.08342,direct,指定团队负责人直接署名：Denız Gündüz,,3,True,OpenAlex metadata; DOI verified in acquisition/validation stage,excluded,非正式期刊/会议技术论文类型：preprint,,pending,,,0,metadata_screened,
space-time-design-for-deep-joint-source-channel-coding-of-images-over-mimo-channels-2022,2022,Space-time design for deep joint source channel coding of images Over MIMO channels,Chenghong Bian; Yulin Shao; Haotian Wu; Denız Gündüz,arXiv (Cornell University),preprint,10.48550/arxiv.2210.16985,https://openalex.org/W4307931047,"We propose novel deep joint source-channel coding (DeepJSCC) algorithms for wireless image transmission over multi-input multi-output (MIMO) Rayleigh fading channels, when channel state information (CSI) is available only at the receiver. We consider two different schemes; one exploiting the spatial diversity and the other exploiting the spatial multiplexing gain of the MIMO channel, respectively. For the former, we utilize an orthogonal space-time block code (OSTBC) to achieve full diversity and increase the robustness against channel variations. In the latter, we directly map the input to the antennas, where the additional degree of freedom can be used to send more information about the source signal. Simulation results show that the diversity scheme outperforms the multiplexing scheme for lower signal-to-noise ratio (SNR) values and a smaller number of receive antennas at the AP. When the number of transmit antennas is greater than two, however, the full-diversity scheme becomes less beneficial. We also show that both the diversity and multiplexing schemes can achieve comparable performance with the state-of-the-art BPG algorithm delivered at the instantaneous capacity of the MIMO channel, which serves as an upper bound on the performance of separation-based practical systems.",https://doi.org/10.48550/arxiv.2210.16985,direct,指定团队负责人直接署名：Denız Gündüz,,0,True,OpenAlex metadata; DOI verified in acquisition/validation stage,excluded,非正式期刊/会议技术论文类型：preprint,,pending,,,0,metadata_screened,
timely-wireless-edge-inference-2022,2022,Timely Wireless Edge Inference,Yonina C. Eldar; Andrea Goldsmith; Denız Gündüz; H. Vincent Poor,Cambridge University Press eBooks,book-chapter,10.1017/9781108966559.021,https://openalex.org/W4282967720,A summary is not available for this content so a preview has been provided. Please use the Get access link above for information on how to access this content.,https://doi.org/10.1017/9781108966559.021,direct,指定团队负责人直接署名：Denız Gündüz,Weizmann Institute of Science; Princeton University; Imperial College London,0,True,OpenAlex metadata; DOI verified in acquisition/validation stage,excluded,非正式期刊/会议技术论文类型：book-chapter,,pending,,,0,metadata_screened,
transformer-empowered-6g-intelligent-networks-from-massive-mimo-processing-to-semantic-communication-2022,2022,Transformer-Empowered 6G Intelligent Networks: From Massive MIMO Processing to Semantic Communication,Yang Wang; Zhen Gao; Dezhi Zheng; Sheng Chen; Denız Gündüz; H. Vincent Poor,arXiv (Cornell University),preprint,10.48550/arxiv.2205.03770,https://openalex.org/W4280575566,"It is anticipated that 6G wireless networks will accelerate the convergence of the physical and cyber worlds and enable a paradigm-shift in the way we deploy and exploit communication networks. Machine learning, in particular deep learning (DL), is expected to be one of the key technological enablers of 6G by offering a new paradigm for the design and optimization of networks with a high level of intelligence. In this article, we introduce an emerging DL architecture, known as the transformer, and discuss its potential impact on 6G network design. We first discuss the differences between the transformer and classical DL architectures, and emphasize the transformer's self-attention mechanism and strong representation capabilities, which make it particularly appealing for tackling various challenges in wireless network design. Specifically, we propose transformer-based solutions for various massive multiple-input multiple-output (MIMO) and semantic communication problems, and show their superiority compared to other architectures. Finally, we discuss key challenges and open issues in transformer-based solutions, and identify future research directions for their deployment in intelligent 6G networks.",https://doi.org/10.48550/arxiv.2205.03770,direct,指定团队负责人直接署名：Denız Gündüz,,6,True,OpenAlex metadata; DOI verified in acquisition/validation stage,excluded,非正式期刊/会议技术论文类型：preprint,,pending,,,0,metadata_screened,
vision-transformer-for-adaptive-image-transmission-over-mimo-channels-2022,2022,Vision Transformer for Adaptive Image Transmission over MIMO Channels,Haotian Wu; Yulin Shao; Chenghong Bian; Krystian Mikolajczyk; Denız Gündüz,arXiv (Cornell University),preprint,10.48550/arxiv.2210.15347,https://openalex.org/W4307536559,"This paper presents a vision transformer (ViT) based joint source and channel coding (JSCC) scheme for wireless image transmission over multiple-input multiple-output (MIMO) systems, called ViT-MIMO. The proposed ViT-MIMO architecture, in addition to outperforming separation-based benchmarks, can flexibly adapt to different channel conditions without requiring retraining. Specifically, exploiting the self-attention mechanism of the ViT enables the proposed ViT-MIMO model to adaptively learn the feature mapping and power allocation based on the source image and channel conditions. Numerical experiments show that ViT-MIMO can significantly improve the transmission quality cross a large variety of scenarios, including varying channel conditions, making it an attractive solution for emerging semantic communication systems.",https://doi.org/10.48550/arxiv.2210.15347,direct,指定团队负责人直接署名：Denız Gündüz,,0,True,OpenAlex metadata; DOI verified in acquisition/validation stage,excluded,非正式期刊/会议技术论文类型：preprint,,pending,,,0,metadata_screened,
a-hybrid-joint-source-channel-coding-scheme-for-mobile-multi-hop-networks-2023,2023,A Hybrid Joint Source-Channel Coding Scheme for Mobile Multi-hop Networks,Chenghong Bian; Yulin Shao; Denız Gündüz,arXiv (Cornell University),preprint,10.48550/arxiv.2311.07028,https://openalex.org/W4388685136,"We propose a novel hybrid joint source-channel coding (JSCC) scheme for robust image transmission over multi-hop networks. In the considered scenario, a mobile user wants to deliver an image to its destination over a mobile cellular network. We assume a practical setting, where the links between the nodes belonging to the mobile core network are stable and of high quality, while the link between the mobile user and the first node (e.g., the access point) is potentially time-varying with poorer quality. In recent years, neural network based JSCC schemes (called DeepJSCC) have emerged as promising solutions to overcome the limitations of separation-based fully digital schemes. However, relying on analog transmission, DeepJSCC suffers from noise accumulation over multi-hop networks. Moreover, most of the hops within the mobile core network may be high-capacity wireless connections, calling for digital approaches. To this end, we propose a hybrid solution, where DeepJSCC is adopted for the first hop, while the received signal at the first relay is digitally compressed and forwarded through the mobile core network. We show through numerical simulations that the proposed scheme is able to outperform both the fully analog and fully digital schemes. Thanks to DeepJSCC it can avoid the cliff effect over the first hop, while also avoiding noise forwarding over the mobile core network thank to digital transmission. We believe this work paves the way for the practical deployment of DeepJSCC solutions in 6G and future wireless networks.",https://doi.org/10.48550/arxiv.2311.07028,direct,指定团队负责人直接署名：Denız Gündüz,,0,True,OpenAlex metadata; DOI verified in acquisition/validation stage,excluded,非正式期刊/会议技术论文类型：preprint,,pending,,,0,metadata_screened,
a-hybrid-wireless-image-transmission-scheme-with-diffusion-2023,2023,A Hybrid Wireless Image Transmission Scheme with Diffusion,Xueyan Niu; Xu Wang; Denız Gündüz; Bo Bai; Wei-Chao Chen; Guohua Zhou,arXiv (Cornell University),preprint,10.48550/arxiv.2308.08244,https://openalex.org/W4385965705,"We propose a hybrid joint source-channel coding (JSCC) scheme, in which the conventional digital communication scheme is complemented with a generative refinement component to improve the perceptual quality of the reconstruction. The input image is decomposed into two components: the first is a coarse compressed version, and is transmitted following the conventional separation based approach. An additional component is obtained through the diffusion process by adding independent Gaussian noise to the input image, and is transmitted using DeepJSCC. The decoder combines the two signals to produce a high quality reconstruction of the source. Experimental results show that the hybrid design provides bandwidth savings and enables graceful performance improvement as the channel quality improves.",https://doi.org/10.48550/arxiv.2308.08244,direct,指定团队负责人直接署名：Denız Gündüz,,0,True,OpenAlex metadata; DOI verified in acquisition/validation stage,excluded,非正式期刊/会议技术论文类型：preprint,,pending,,,0,metadata_screened,
collaborative-semantic-communication-for-edge-inference-2023,2023,Collaborative Semantic Communication for Edge Inference,Wing Fei Lo; Nitish Mital; Haotian Wu; Denız Gündüz,arXiv (Cornell University),preprint,10.48550/arxiv.2301.03996,https://openalex.org/W4315706612,"We study the collaborative image retrieval problem at the wireless edge, where multiple edge devices capture images of the same object from different angles and locations, which are then used jointly to retrieve similar images at the edge server over a shared multiple access channel (MAC). We propose two novel deep learning-based joint source and channel coding (JSCC) schemes for the task over both additive white Gaussian noise (AWGN) and Rayleigh slow fading channels, with the aim of maximizing the retrieval accuracy under a total bandwidth constraint. The proposed schemes are evaluated on a wide range of channel signal-to-noise ratios (SNRs), and shown to outperform the single-device JSCC and the separation-based multiple-access benchmarks. We also propose two novel SNR-aware JSCC schemes with attention modules to improve the performance in the case of channel mismatch between training and test instances.",https://doi.org/10.48550/arxiv.2301.03996,direct,指定团队负责人直接署名：Denız Gündüz,,0,True,OpenAlex metadata; DOI verified in acquisition/validation stage,excluded,非正式期刊/会议技术论文类型：preprint,,pending,,,0,metadata_screened,
commin-semantic-image-communications-as-an-inverse-problem-with-inn-guided-diffusion-models-2023,2023,CommIN: Semantic Image Communications as an Inverse Problem with INN-Guided Diffusion Models,Jiakang Chen; Di You; Denız Gündüz; Pier Luigi Dragotti,arXiv (Cornell University),preprint,10.48550/arxiv.2310.01130,https://openalex.org/W4387322730,"Joint source-channel coding schemes based on deep neural networks (DeepJSCC) have recently achieved remarkable performance for wireless image transmission. However, these methods usually focus only on the distortion of the reconstructed signal at the receiver side with respect to the source at the transmitter side, rather than the perceptual quality of the reconstruction which carries more semantic information. As a result, severe perceptual distortion can be introduced under extreme conditions such as low bandwidth and low signal-to-noise ratio. In this work, we propose CommIN, which views the recovery of high-quality source images from degraded reconstructions as an inverse problem. To address this, CommIN combines Invertible Neural Networks (INN) with diffusion models, aiming for superior perceptual quality. Through experiments, we show that our CommIN significantly improves the perceptual quality compared to DeepJSCC under extreme conditions and outperforms other inverse problem approaches used in DeepJSCC.",https://doi.org/10.48550/arxiv.2310.01130,direct,指定团队负责人直接署名：Denız Gündüz,,0,True,OpenAlex metadata; DOI verified in acquisition/validation stage,excluded,非正式期刊/会议技术论文类型：preprint,,pending,,,0,metadata_screened,
deep-joint-source-channel-coding-for-adaptive-image-transmission-over-mimo-channels-2023,2023,Deep Joint Source-Channel Coding for Adaptive Image Transmission over MIMO Channels,Haotian Wu; Yulin Shao; Chenghong Bian; Krystian Mikolajczyk; Denız Gündüz,arXiv (Cornell University),preprint,10.48550/arxiv.2309.00470,https://openalex.org/W4386436357,"This paper introduces a vision transformer (ViT)-based deep joint source and channel coding (DeepJSCC) scheme for wireless image transmission over multiple-input multiple-output (MIMO) channels, denoted as DeepJSCC-MIMO. We consider DeepJSCC-MIMO for adaptive image transmission in both open-loop and closed-loop MIMO systems. The novel DeepJSCC-MIMO architecture surpasses the classical separation-based benchmarks with robustness to channel estimation errors and showcases remarkable flexibility in adapting to diverse channel conditions and antenna numbers without requiring retraining. Specifically, by harnessing the self-attention mechanism of ViT, DeepJSCC-MIMO intelligently learns feature mapping and power allocation strategies tailored to the unique characteristics of the source image and prevailing channel conditions. Extensive numerical experiments validate the significant improvements in transmission quality achieved by DeepJSCC-MIMO for both open-loop and closed-loop MIMO systems across a wide range of scenarios. Moreover, DeepJSCC-MIMO exhibits robustness to varying channel conditions, channel estimation errors, and different antenna numbers, making it an appealing solution for emerging semantic communication systems.",https://doi.org/10.48550/arxiv.2309.00470,direct,指定团队负责人直接署名：Denız Gündüz,,3,True,OpenAlex metadata; DOI verified in acquisition/validation stage,excluded,非正式期刊/会议技术论文类型：preprint,,pending,,,0,metadata_screened,
deepjscc-l-robust-and-bandwidth-adaptive-wireless-image-transmission-2023,2023,DeepJSCC-l++: Robust and Bandwidth-Adaptive Wireless Image Transmission,Chenghong Bian; Yulin Shao; Denız Gündüz,arXiv (Cornell University),preprint,10.48550/arxiv.2305.13161,https://openalex.org/W4377865195,"This paper presents a novel vision transformer (ViT) based deep joint source channel coding (DeepJSCC) scheme, dubbed DeepJSCC-l++, which can be adaptive to multiple target bandwidth ratios as well as different channel signal-to-noise ratios (SNRs) using a single model. To achieve this, we train the proposed DeepJSCC-l++ model with different bandwidth ratios and SNRs, which are fed to the model as side information. The reconstruction losses corresponding to different bandwidth ratios are calculated, and a new training methodology is proposed, which dynamically assigns different weights to the losses of different bandwidth ratios according to their individual reconstruction qualities. Shifted window (Swin) transformer, is adopted as the backbone for our DeepJSCC-l++ model. Through extensive simulations it is shown that the proposed DeepJSCC-l++ and successive refinement models can adapt to different bandwidth ratios and channel SNRs with marginal performance loss compared to the separately trained models. We also observe the proposed schemes can outperform the digital baseline, which concatenates the BPG compression with capacity-achieving channel code.",https://doi.org/10.48550/arxiv.2305.13161,direct,指定团队负责人直接署名：Denız Gündüz,,2,True,OpenAlex metadata; DOI verified in acquisition/validation stage,excluded,非正式期刊/会议技术论文类型：preprint,,pending,,,0,metadata_screened,
distributed-deep-joint-source-channel-coding-with-decoder-only-side-information-2023,2023,Distributed Deep Joint Source-Channel Coding with Decoder-Only Side Information,Selim F. Yilmaz; Ezgi Özyılkan; Denız Gündüz; Elza Erkip,arXiv (Cornell University),preprint,10.48550/arxiv.2310.04311,https://openalex.org/W4392272266,"We consider low-latency image transmission over a noisy wireless channel when correlated side information is present only at the receiver side (the Wyner-Ziv scenario). In particular, we are interested in developing practical schemes using a data-driven joint source-channel coding (JSCC) approach, which has been previously shown to outperform conventional separation-based approaches in the practical finite blocklength regimes, and to provide graceful degradation with channel quality. We propose a novel neural network architecture that incorporates the decoder-only side information at multiple stages at the receiver side. Our results demonstrate that the proposed method succeeds in integrating the side information, yielding improved performance at all channel conditions in terms of the various quality measures considered here, especially at low channel signal-to-noise ratios (SNRs) and small bandwidth ratios (BRs). We have made the source code of the proposed method public to enable further research, and the reproducibility of the results.",https://doi.org/10.48550/arxiv.2310.04311,direct,指定团队负责人直接署名：Denız Gündüz,,1,True,OpenAlex metadata; DOI verified in acquisition/validation stage,excluded,非正式期刊/会议技术论文类型：preprint,,pending,,,0,metadata_screened,
features-over-the-air-contrastive-learning-enabled-cooperative-edge-inference-2023,2023,Features-over-the-Air: Contrastive Learning Enabled Cooperative Edge Inference,Haotian Wu; Nitish Mital; Krystian Mikolajczyk; Denız Gündüz,arXiv (Cornell University),preprint,10.48550/arxiv.2304.08221,https://openalex.org/W4366327386,"We study the collaborative image retrieval problem at the wireless edge, where multiple edge devices capture images of the same object, which are then used jointly to retrieve similar images at the edge server over a shared multiple access channel. We propose a semantic non-orthogonal multiple access (NOMA) communication paradigm, in which extracted features from each device are mapped directly to channel inputs, which are then added over-the-air. We propose a novel contrastive learning (CL)-based semantic communication (CL-SC) paradigm, aiming to exploit signal correlations to maximize the retrieval accuracy under a total bandwidth constraints. Specifically, we treat noisy correlated signals as different augmentations of a common identity, and propose a cross-view CL algorithm to optimize the correlated signals in a coarse-to-fine fashion to improve retrieval accuracy. Extensive numerical experiments verify that our method achieves the state-of-the-art performance and can significantly improve retrieval accuracy, with particularly significant gains in low signla-to-noise ratio (SNR) and limited bandwidth regimes.",https://doi.org/10.48550/arxiv.2304.08221,direct,指定团队负责人直接署名：Denız Gündüz,,1,True,OpenAlex metadata; DOI verified in acquisition/validation stage,excluded,非正式期刊/会议技术论文类型：preprint,,pending,,,0,metadata_screened,
guest-editorial-special-issue-on-the-role-of-freshness-and-semantic-measures-in-the-transmission-of-information-for-next-2023,2023,Guest Editorial Special Issue on the Role of Freshness and Semantic Measures in the Transmission of Information for Next-Generation Networks,Denız Gündüz; Victoria Kostina; Petar Popovski; Yin Sun; Aylin Yener; Şennur Ulukuş; Tara Javidi,IEEE Journal on Selected Areas in Information Theory,editorial,10.1109/jsait.2024.3352988,https://openalex.org/W4391528164,"To support the fast growth of IoT and cyber physical systems, as well as the advent of 6G, there is a need for communication and networking models that enable more efficient modes for machine-type communications. This calls for a departure from the assumptions of classical communication theoretic problem formulations as well as the traditional network layers. This new paradigm is referred to as goal or task-oriented communication, and is relevant also in part of the emerging area of semantic communications.",https://doi.org/10.1109/jsait.2024.3352988,direct,指定团队负责人直接署名：Denız Gündüz,"Imperial College London; California Institute of Technology; Aalborg University; Auburn University; The Ohio State University; University of Maryland, College Park",1,True,OpenAlex metadata; DOI verified in acquisition/validation stage,excluded,非正式期刊/会议技术论文类型：editorial,,pending,,,0,metadata_screened,
high-perceptual-quality-wireless-image-delivery-with-denoising-diffusion-models-2023,2023,High Perceptual Quality Wireless Image Delivery with Denoising Diffusion Models,Selim F. Yilmaz; Xueyan Niu; Bo Bai; Wei Han; Lei Deng; Denız Gündüz,arXiv (Cornell University),preprint,10.48550/arxiv.2309.15889,https://openalex.org/W4387209850,"We consider the image transmission problem over a noisy wireless channel via deep learning-based joint source-channel coding (DeepJSCC) along with a denoising diffusion probabilistic model (DDPM) at the receiver. Specifically, we are interested in the perception-distortion trade-off in the practical finite block length regime, in which separate source and channel coding can be highly suboptimal. We introduce a novel scheme, where the conventional DeepJSCC encoder targets transmitting a lower resolution version of the image, which later can be refined thanks to the generative model available at the receiver. In particular, we utilize the range-null space decomposition of the target image; DeepJSCC transmits the range-space of the image, while DDPM progressively refines its null space contents. Through extensive experiments, we demonstrate significant improvements in distortion and perceptual quality of reconstructed images compared to standard DeepJSCC and the state-of-the-art generative learning-based method.",https://doi.org/10.48550/arxiv.2309.15889,direct,指定团队负责人直接署名：Denız Gündüz,Imperial College London; Huawei Technologies (United Kingdom),0,True,OpenAlex metadata; DOI verified in acquisition/validation stage,excluded,非正式期刊/会议技术论文类型：preprint,,pending,,,0,metadata_screened,
secure-deep-jscc-against-multiple-eavesdroppers-2023,2023,Secure Deep-JSCC Against Multiple Eavesdroppers,Seyyed Amirhossein Ameli Kalkhoran; Mehdi Letafati; Ecenaz Erdemir; Babak Hossein Khalaj; Hamid Behroozi; Denız Gündüz,arXiv (Cornell University),preprint,10.48550/arxiv.2308.02892,https://openalex.org/W4385681277,"In this paper, a generalization of deep learning-aided joint source channel coding (Deep-JSCC) approach to secure communications is studied. We propose an end-to-end (E2E) learning-based approach for secure communication against multiple eavesdroppers over complex-valued fading channels. Both scenarios of colluding and non-colluding eavesdroppers are studied. For the colluding strategy, eavesdroppers share their logits to collaboratively infer private attributes based on ensemble learning method, while for the non-colluding setup they act alone. The goal is to prevent eavesdroppers from inferring private (sensitive) information about the transmitted images, while delivering the images to a legitimate receiver with minimum distortion. By generalizing the ideas of privacy funnel and wiretap channel coding, the trade-off between the image recovery at the legitimate node and the information leakage to the eavesdroppers is characterized. To solve this secrecy funnel framework, we implement deep neural networks (DNNs) to realize a data-driven secure communication scheme, without relying on a specific data distribution. Simulations over CIFAR-10 dataset verifies the secrecy-utility trade-off. Adversarial accuracy of eavesdroppers are also studied over Rayleigh fading, Nakagami-m, and AWGN channels to verify the generalization of the proposed scheme. Our experiments show that employing the proposed secure neural encoding can decrease the adversarial accuracy by 28%.",https://doi.org/10.48550/arxiv.2308.02892,direct,指定团队负责人直接署名：Denız Gündüz,,1,True,OpenAlex metadata; DOI verified in acquisition/validation stage,excluded,非正式期刊/会议技术论文类型：preprint,,pending,,,0,metadata_screened,
semantic-communication-of-learnable-concepts-2023,2023,Semantic Communication of Learnable Concepts,Francesco Pase; Szymon Kobus; Denız Gündüz; Michele Zorzi,arXiv (Cornell University),preprint,10.48550/arxiv.2305.08126,https://openalex.org/W4376653563,"We consider the problem of communicating a sequence of concepts, i.e., unknown and potentially stochastic maps, which can be observed only through examples, i.e., the mapping rules are unknown. The transmitter applies a learning algorithm to the available examples, and extracts knowledge from the data by optimizing a probability distribution over a set of models, i.e., known functions, which can better describe the observed data, and so potentially the underlying concepts. The transmitter then needs to communicate the learned models to a remote receiver through a rate-limited channel, to allow the receiver to decode the models that can describe the underlying sampled concepts as accurately as possible in their semantic space. After motivating our analysis, we propose the formal problem of communicating concepts, and provide its rate-distortion characterization, pointing out its connection with the concepts of empirical and strong coordination in a network. We also provide a bound for the distortion-rate function.",https://doi.org/10.48550/arxiv.2305.08126,direct,指定团队负责人直接署名：Denız Gündüz,,0,True,OpenAlex metadata; DOI verified in acquisition/validation stage,excluded,非正式期刊/会议技术论文类型：preprint,,pending,,,0,metadata_screened,
timely-and-massive-communication-in-6g-pragmatics-learning-and-inference-2023,2023,"Timely and Massive Communication in 6G: Pragmatics, Learning, and Inference",Denız Gündüz; Federico Chiariotti; Kaibin Huang; Anders E. Kalør; Szymon Kobus; Petar Popovski,IEEE BITS the Information Theory Magazine,article,10.1109/mbits.2023.3322667,https://openalex.org/W4387415310,"5G has expanded the traditional focus of wireless systems to embrace two new connectivity types: ultra-reliable low latency and massive communication. The technology context at the dawn of 6G is different from the past one for 5G, primarily due to the growing intelligence at the communicating nodes. This has driven the set of relevant communication problems beyond reliable transmission towards semantic and pragmatic communication. This paper puts the evolution of low-latency and massive communication towards 6G in the perspective of these new developments. At first, semantic/pragmatic communication problems are presented by drawing parallels to linguistics. We elaborate upon the relation of semantic communication to the information-theoretic problems of source/channel coding, while generalized real-time communication is put in the context of cyber-physical systems and real-time inference. The evolution of massive access towards massive closed-loop communication is elaborated upon, enabling interactive communication, learning, and cooperation among wireless sensors and actuators.",https://doi.org/10.1109/mbits.2023.3322667,direct,指定团队负责人直接署名：Denız Gündüz,Imperial College London; University of Padua; University of Hong Kong; Aalborg University,27,True,OpenAlex metadata; DOI verified in acquisition/validation stage,excluded,正式出版但缺少可核验算法/实验贡献，归入背景材料,,pending,,,0,metadata_screened,
timely-and-massive-communication-in-6g-pragmatics-learning-and-inference-2023,2023,"Timely and Massive Communication in 6G: Pragmatics, Learning, and Inference",Denız Gündüz; Federico Chiariotti; Kaibin Huang; Anders E. Kalør; Szymon Kobus; Petar Popovski,arXiv (Cornell University),preprint,10.48550/arxiv.2306.17580,https://openalex.org/W4383046929,"5G has expanded the traditional focus of wireless systems to embrace two new connectivity types: ultra-reliable low latency and massive communication. The technology context at the dawn of 6G is different from the past one for 5G, primarily due to the growing intelligence at the communicating nodes. This has driven the set of relevant communication problems beyond reliable transmission towards semantic and pragmatic communication. This paper puts the evolution of low-latency and massive communication towards 6G in the perspective of these new developments. At first, semantic/pragmatic communication problems are presented by drawing parallels to linguistics. We elaborate upon the relation of semantic communication to the information-theoretic problems of source/channel coding, while generalized real-time communication is put in the context of cyber-physical systems and real-time inference. The evolution of massive access towards massive closed-loop communication is elaborated upon, enabling interactive communication, learning, and cooperation among wireless sensors and actuators.",https://doi.org/10.48550/arxiv.2306.17580,direct,指定团队负责人直接署名：Denız Gündüz,,0,True,OpenAlex metadata; DOI verified in acquisition/validation stage,excluded,非正式期刊/会议技术论文类型：preprint,,pending,,,0,metadata_screened,
transformer-aided-wireless-image-transmission-with-channel-feedback-2023,2023,Transformer-aided Wireless Image Transmission with Channel Feedback,Haotian Wu; Yulin Shao; Emre Özfatura; Krystian Mikolajczyk; Denız Gündüz,arXiv (Cornell University),preprint,10.48550/arxiv.2306.09101,https://openalex.org/W4380994288,"This paper presents a novel wireless image transmission paradigm that can exploit feedback from the receiver, called DeepJSCC-ViT-f. We consider a block feedback channel model, where the transmitter receives noiseless/noisy channel output feedback after each block. The proposed scheme employs a single encoder to facilitate transmission over multiple blocks, refining the receiver's estimation at each block. Specifically, the unified encoder of DeepJSCC-ViT-f can leverage the semantic information from the source image, and acquire channel state information and the decoder's current belief about the source image from the feedback signal to generate coded symbols at each block. Numerical experiments show that our DeepJSCC-ViT-f scheme achieves state-of-the-art transmission performance with robustness to noise in the feedback link. Additionally, DeepJSCC-ViT-f can adapt to the channel condition directly through feedback without the need for separate channel estimation. We further extend the scope of the DeepJSCC-ViT-f approach to include the broadcast channel, which enables the transmitter to generate broadcast codes in accordance with signal semantics and channel feedback from individual receivers.",https://doi.org/10.48550/arxiv.2306.09101,direct,指定团队负责人直接署名：Denız Gündüz,,3,True,OpenAlex metadata; DOI verified in acquisition/validation stage,excluded,非正式期刊/会议技术论文类型：preprint,,pending,,,0,metadata_screened,
vision-transformer-for-adaptive-image-transmission-over-mimo-channels-2023,2023,Vision Transformer for Adaptive Image Transmission over MIMO Channels,Haotian Wu; Yulin Shao; Chenghong Bian; Krystian Mikolajczyk; Denız Gündüz,,article,10.1109/icc45041.2023.10278812,https://openalex.org/W4387870656,"This paper presents a vision transformer (ViT) based joint source and channel coding (JSCC) scheme for wireless image transmission over multiple-input multiple-output (MIMO) systems, called ViT-MIMO. The proposed ViT-MIMO architecture, in addition to outperforming separation-based benchmarks, can flexibly adapt to different channel conditions without requiring retraining. Specifically, exploiting the self-attention mechanism of the ViT enables the proposed ViT-MIMO model to adaptively learn the feature mapping and power allocation based on the source image and channel conditions. Numerical experiments show that ViT-MIMO can significantly improve the transmission quality across a large variety of scenarios, including varying channel conditions, making it an attractive solution for emerging semantic communication systems.",https://doi.org/10.1109/icc45041.2023.10278812,direct,指定团队负责人直接署名：Denız Gündüz,Imperial College London; University of Exeter,42,True,OpenAlex metadata; DOI verified in acquisition/validation stage,excluded,综述、教程、愿景或编者按，非正式技术研究论文,,pending,,,0,metadata_screened,
deep-joint-source-channel-coding-for-privacy-aware-end-to-end-image-transmission-2024,2024,Deep Joint Source Channel Coding for Privacy-Aware End-to-End Image Transmission,Mehdi Letafati; Seyyed Amirhossein Ameli Kalkhoran; Ecenaz Erdemir; Babak Hossein Khalaj; Hamid Behroozi; Denız Gündüz,arXiv (Cornell University),preprint,10.48550/arxiv.2412.17110,https://openalex.org/W4405767586,"Deep neural network (DNN)-based joint source and channel coding is proposed for privacy-aware end-to-end image transmission against multiple eavesdroppers. Both scenarios of colluding and non-colluding eavesdroppers are considered. Unlike prior works that assume perfectly known and independent identically distributed (i.i.d.) source and channel statistics, the proposed scheme operates under unknown and non-i.i.d. conditions, making it more applicable to real-world scenarios. The goal is to transmit images with minimum distortion, while simultaneously preventing eavesdroppers from inferring certain private attributes of images. Simultaneously generalizing the ideas of privacy funnel and wiretap coding, a multi-objective optimization framework is expressed that characterizes the tradeoff between image reconstruction quality and information leakage to eavesdroppers, taking into account the structural similarity index (SSIM) for improving the perceptual quality of image reconstruction. Extensive experiments on the CIFAR-10 and CelebA, along with ablation studies, demonstrate significant performance improvements in terms of SSIM, adversarial accuracy, and the mutual information leakage compared to benchmarks. Experiments show that the proposed scheme restrains the adversarially-trained eavesdroppers from intercepting privatized data for both cases of eavesdropping a common secret, as well as the case in which eavesdroppers are interested in different secrets. Furthermore, useful insights on the privacy-utility trade-off are also provided.",https://doi.org/10.48550/arxiv.2412.17110,direct,指定团队负责人直接署名：Denız Gündüz,,0,True,OpenAlex metadata; DOI verified in acquisition/validation stage,excluded,非正式期刊/会议技术论文类型：preprint,,pending,,,0,metadata_screened,
distributed-indirect-source-coding-with-decoder-side-information-2024,2024,Distributed Indirect Source Coding with Decoder Side Information,Jiancheng Tang; Qianqian Yang; Denız Gündüz,arXiv (Cornell University),preprint,10.48550/arxiv.2405.13483,https://openalex.org/W4398795513,"This paper studies a variant of the rate-distortion problem motivated by task-oriented semantic communication and distributed learning problems, where $M$ correlated sources are independently encoded for a central decoder. The decoder has access to a correlated side information in addition to the messages received from the encoders, and aims to recover a latent random variable correlated with the sources observed by the encoders within a given distortion constraint rather than recovering the sources themselves. We provide bounds on the rate-distortion region for this scenario in general, and characterize the rate-distortion function exactly when the sources are conditionally independent given the side information.",https://doi.org/10.48550/arxiv.2405.13483,direct,指定团队负责人直接署名：Denız Gündüz,,0,True,OpenAlex metadata; DOI verified in acquisition/validation stage,excluded,非正式期刊/会议技术论文类型：preprint,,pending,,,0,metadata_screened,
energy-constrained-information-storage-on-memristive-devices-in-the-presence-of-resistive-drift-2024,2024,Energy-Constrained Information Storage on Memristive Devices in the Presence of Resistive Drift,Waleed El–Geresy; Christos Papavassiliou; Denız Gündüz,arXiv (Cornell University),preprint,10.48550/arxiv.2501.10376,https://openalex.org/W4406692186,"In this paper, we examine the problem of information storage on memristors affected by resistive drift noise under energy constraints. We introduce a novel, fundamental trade-off between the information lifetime of memristive states and the energy that must be expended to bring the device into a particular state. We then treat the storage problem as one of communication over a noisy, energy-constrained channel, and propose a joint source-channel coding (JSCC) approach to storing images in an analogue fashion. To design an encoding scheme for natural images and to model the memristive channel, we make use of data-driven techniques from the field of deep learning for communications, namely deep joint source-channel coding (DeepJSCC), employing a generative model of resistive drift as a computationally tractable differentiable channel model for end-to-end optimisation. We introduce a modified version of generalised divisive normalisation (GDN), a biologically inspired form of normalisation, that we call conditional GDN (cGDN), allowing for conditioning on continuous channel characteristics, including the initial resistive state and the delay between storage and reading. Our results show that the delay-conditioned network is able to learn an energy-aware coding scheme that achieves a higher and more balanced reconstruction quality across a range of storage delays.",https://doi.org/10.48550/arxiv.2501.10376,direct,指定团队负责人直接署名：Denız Gündüz,,1,True,OpenAlex metadata; DOI verified in acquisition/validation stage,excluded,非正式期刊/会议技术论文类型：preprint,,pending,,,0,metadata_screened,
evolving-semantic-communication-with-generative-model-2024,2024,Evolving Semantic Communication with Generative Model,Shunpu Tang; Qianqian Yang; Denız Gündüz; Zhaoyang Zhang,arXiv (Cornell University),preprint,10.48550/arxiv.2403.20237,https://openalex.org/W4393399780,"Recently, learning-based semantic communication (SemCom) has emerged as a promising approach in the upcoming 6G network and researchers have made remarkable efforts in this field. However, existing works have yet to fully explore the advantages of the evolving nature of learning-based systems, where knowledge accumulates during transmission have the potential to enhance system performance. In this paper, we explore an evolving semantic communication system for image transmission, referred to as ESemCom, with the capability to continuously enhance transmission efficiency. The system features a novel channel-aware semantic encoder that utilizes a pre-trained Semantic StyleGAN to extract the channel-correlated latent variables consisting of serval semantic vectors from the input images, which can be directly transmitted over a noisy channel without further channel coding. Moreover, we introduce a semantic caching mechanism that dynamically stores the transmitted semantic vectors in the local caching memory of both the transmitter and receiver. The cached semantic vectors are then exploited to eliminate the need to transmit similar codes in subsequent transmission, thus further reducing communication overhead. Simulation results highlight the evolving performance of the proposed system in terms of transmission efficiency, achieving superior perceptual quality with an average bandwidth compression ratio (BCR) of 1/192 for a sequence of 100 testing images compared to DeepJSCC and Inverse JSCC with the same BCR. Code of this paper is available at \url{https://github.com/recusant7/GAN_SeCom}.",https://doi.org/10.48550/arxiv.2403.20237,direct,指定团队负责人直接署名：Denız Gündüz,,1,True,OpenAlex metadata; DOI verified in acquisition/validation stage,excluded,非正式期刊/会议技术论文类型：preprint,,pending,,,0,metadata_screened,
goal-oriented-and-semantic-communication-in-6g-ai-native-networks-the-6g-goals-approach-2024,2024,Goal-Oriented and Semantic Communication in 6G AI-Native Networks: The 6G-GOALS Approach,Emilio Calvanese Strinati; Paolo Di Lorenzo; Vincenzo Sciancalepore; Adnan Aijaz; Marios Kountouris; Denız Gündüz; Petar Popovski; Mohamed Sana; Photios A. Stavrou; Beatriz Soret; Nicola Cordeschi; Simone Scardapane; Mattia Merluzzi; Lanfranco Zanzi; Mauro Boldi Renato; Tony Q. S. Quek; Nicola di Pietro; Olivier Forceville; Francesca Costanzo; Peizheng Li,arXiv (Cornell University),preprint,10.48550/arxiv.2402.07573,https://openalex.org/W4391799186,"Recent advances in AI technologies have notably expanded device intelligence, fostering federation and cooperation among distributed AI agents. These advancements impose new requirements on future 6G mobile network architectures. To meet these demands, it is essential to transcend classical boundaries and integrate communication, computation, control, and intelligence. This paper presents the 6G-GOALS approach to goal-oriented and semantic communications for AI-Native 6G Networks. The proposed approach incorporates semantic, pragmatic, and goal-oriented communication into AI-native technologies, aiming to facilitate information exchange between intelligent agents in a more relevant, effective, and timely manner, thereby optimizing bandwidth, latency, energy, and electromagnetic field (EMF) radiation. The focus is on distilling data to its most relevant form and terse representation, aligning with the source's intent or the destination's objectives and context, or serving a specific goal. 6G-GOALS builds on three fundamental pillars: i) AI-enhanced semantic data representation, sensing, compression, and communication, ii) foundational AI reasoning and causal semantic data representation, contextual relevance, and value for goal-oriented effectiveness, and iii) sustainability enabled by more efficient wireless services. Finally, we illustrate two proof-of-concepts implementing semantic, goal-oriented, and pragmatic communication principles in near-future use cases. Our study covers the project's vision, methodologies, and potential impact.",https://doi.org/10.48550/arxiv.2402.07573,direct,指定团队负责人直接署名：Denız Gündüz,,1,True,OpenAlex metadata; DOI verified in acquisition/validation stage,excluded,非正式期刊/会议技术论文类型：preprint,,pending,,,0,metadata_screened,
joint-source-channel-coding-fundamentals-and-recent-progress-in-practical-designs-2024,2024,Joint Source-Channel Coding: Fundamentals and Recent Progress in Practical Designs,Denız Gündüz; Michèle A. Wigger; Tze-Yang Tung; Ping Zhang; Yong Xiao,arXiv (Cornell University),preprint,10.48550/arxiv.2409.17557,https://openalex.org/W4403795829,"Semantic- and task-oriented communication has emerged as a promising approach to reducing the latency and bandwidth requirements of next-generation mobile networks by transmitting only the most relevant information needed to complete a specific task at the receiver. This is particularly advantageous for machine-oriented communication of high data rate content, such as images and videos, where the goal is rapid and accurate inference, rather than perfect signal reconstruction. While semantic- and task-oriented compression can be implemented in conventional communication systems, joint source-channel coding (JSCC) offers an alternative end-to-end approach by optimizing compression and channel coding together, or even directly mapping the source signal to the modulated waveform. Although all digital communication systems today rely on separation, thanks to its modularity, JSCC is known to achieve higher performance in finite blocklength scenarios, and to avoid cliff and the levelling-off effects in time-varying channel scenarios. This article provides an overview of the information theoretic foundations of JSCC, surveys practical JSCC designs over the decades, and discusses the reasons for their limited adoption in practical systems. We then examine the recent resurgence of JSCC, driven by the integration of deep learning techniques, particularly through DeepJSCC, highlighting its many surprising advantages in various scenarios. Finally, we discuss why it may be time to reconsider today's strictly separate architectures, and reintroduce JSCC to enable high-fidelity, low-latency communications in critical applications such as autonomous driving, drone surveillance, or wearable systems.",https://doi.org/10.48550/arxiv.2409.17557,direct,指定团队负责人直接署名：Denız Gündüz,,1,True,OpenAlex metadata; DOI verified in acquisition/validation stage,excluded,非正式期刊/会议技术论文类型：preprint,,pending,,,0,metadata_screened,
joint-sourcechannel-coding-fundamentals-and-recent-progress-in-practical-designs-2024,2024,Joint Source–Channel Coding: Fundamentals and Recent Progress in Practical Designs,Denız Gündüz; Michèle A. Wigger; Tze-Yang Tung; Ping Zhang; Yong Xiao,Proceedings of the IEEE,article,10.1109/jproc.2024.3477331,https://openalex.org/W4404178629,"Semantic-and task-oriented communication has emerged as a promising approach to reducing the latency and bandwidth requirements of the next-generation mobile networks by transmitting only the most relevant information needed to complete a specific task at the receiver. This is particularly advantageous for machine-oriented communication of high-data-rate content, such as images and videos, where the goal is rapid and accurate inference, rather than perfect signal reconstruction. While semantic-and task-oriented compression can be implemented in conventional communication systems, joint source–channel coding (JSCC) offers an alternative end-to-end approach by optimizing compression and channel coding together, or even directly mapping the source signal to the modulated waveform. Although all digital communication systems today rely on separation, thanks to its modularity, JSCC is known to achieve higher performance in finite blocklength scenarios and to avoid <italic xmlns:mml=""http://www.w3.org/1998/Math/MathML"" xmlns:xlink=""http://www.w3.org/1999/xlink"">cliff</i> and the <italic xmlns:mml=""http://www.w3.org/1998/Math/MathML"" xmlns:xlink=""http://www.w3.org/1999/xlink"">leveling-off effects</i> in time-varying channel scenarios. This article provides an overview of the information theoretic foundations of JSCC, surveys practical JSCC designs over the decades, and discusses the reasons for their limited adoption in practical systems. We then examine the recent resurgence of JSCC, driven by the integration of deep learning techniques, particularly through DeepJSCC, highlighting its many surprising advantages in various scenarios. Finally, we discuss why it may be time to reconsider today’s strictly separate architectures and reintroduce JSCC to enable high-fidelity, low-latency communications in critical applications such as autonomous driving, drone surveillance, or wearable systems.",https://doi.org/10.1109/jproc.2024.3477331,direct,指定团队负责人直接署名：Denız Gündüz,Imperial College London; Laboratoire Traitement et Communication de l’Information; Beijing University of Posts and Telecommunications; Huazhong University of Science and Technology,32,True,OpenAlex metadata; DOI verified in acquisition/validation stage,excluded,综述、教程、愿景或编者按，非正式技术研究论文,,pending,,,0,metadata_screened,
pragmatic-communication-for-remote-control-of-finite-state-markov-processes-2024,2024,Pragmatic Communication for Remote Control of Finite-State Markov Processes,Pietro Maria Talli; Edoardo David Santi; Federico Chiariotti; Touraj Soleymani; Federico Mason; Andréa Zanella; Denız Gündüz,arXiv (Cornell University),preprint,10.48550/arxiv.2405.10672,https://openalex.org/W4398156336,"Pragmatic or goal-oriented communication can optimize communication decisions beyond the reliable transmission of data, instead aiming at directly affecting application performance with the minimum channel utilization. In this paper, we develop a general theoretical framework for the remote control of finite-state Markov processes, using pragmatic communication over a costly zero-delay communication channel. To that end, we model a cyber-physical system composed of an encoder, which observes and transmits the states of a process in real-time, and a decoder, which receives that information and controls the behavior of the process. The encoder and the decoder should cooperatively optimize the trade-off between the control performance (i.e., reward) and the communication cost (i.e., channel use). This scenario underscores a pragmatic (i.e., goal-oriented) communication problem, where the purpose is to convey only the data that is most valuable for the underlying task, taking into account the state of the decoder (hence, the pragmatic aspect). We investigate two different decision-making architectures: in pull-based remote control, the decoder is the only decision-maker, while in push-based remote control, the encoder and the decoder constitute two independent decision-makers, leading to a multi-agent scenario. We propose three algorithms to optimize our system (i.e., design the encoder and the decoder policies), discuss the optimality guarantees ofs the algorithms, and shed light on their computational complexity and fundamental limits.",https://doi.org/10.48550/arxiv.2405.10672,direct,指定团队负责人直接署名：Denız Gündüz,,0,True,OpenAlex metadata; DOI verified in acquisition/validation stage,excluded,非正式期刊/会议技术论文类型：preprint,,pending,,,0,metadata_screened,
process-and-forward-deep-joint-source-channel-coding-over-cooperative-relay-networks-2024,2024,Process-and-Forward: Deep Joint Source-Channel Coding Over Cooperative Relay Networks,Chenghong Bian; Yulin Shao; Haotian Wu; Emre Özfatura; Denız Gündüz,arXiv (Cornell University),preprint,10.48550/arxiv.2403.10613,https://openalex.org/W4392971868,"We introduce deep joint source-channel coding (DeepJSCC) schemes for image transmission over cooperative relay channels. The relay either amplifies-and-forwards its received signal, called DeepJSCC-AF, or leverages neural networks to extract relevant features from its received signal, called DeepJSCC-PF (Process-and-Forward). We consider both half- and full-duplex relays, and propose a novel transformer-based model at the relay. For a half-duplex relay, it is shown that the proposed scheme learns to generate correlated signals at the relay and source to obtain beamforming gains. In the full-duplex case, we introduce a novel block-based transmission strategy, in which the source transmits in blocks, and the relay updates its knowledge about the input signal after each block and generates its own signal. To enhance practicality, a single transformer-based model is used at the relay at each block, together with an adaptive transmission module, which allows the model to seamlessly adapt to different channel qualities and the transmission powers}. Simulation results demonstrate the superior performance of DeepJSCC-PF compared to the state-of-the-art BPG image compression algorithm operating at the maximum achievable rate of conventional decode-and-forward and compress-and-forward protocols, in both half- and full-duplex relay scenarios over AWGN and Rayleigh fading channels.",https://doi.org/10.48550/arxiv.2403.10613,direct,指定团队负责人直接署名：Denız Gündüz,,1,True,OpenAlex metadata; DOI verified in acquisition/validation stage,excluded,非正式期刊/会议技术论文类型：preprint,,pending,,,0,metadata_screened,
semantic-communications-theories-technologies-and-applications-2024,2024,"Semantic communications: Theories, technologies and applications",Ping Zhang; Shi Guangming; Cui Shuguang; Zhaoyang Zhang; Kai Niu; Xiao Yong; Zhijin Qin; Jincheng Dai; Shuo Shao; Denız Gündüz; Eleonora Grassucci,China Communications,article,10.23919/jcc.2024.10606406,https://openalex.org/W4400878010,"The last seventy years have witnessed the transition of communication from Shannon's theoretical concept to current high-efficiency practical systems. With respect to Shannon information theory, to fulfill the high-bandwidth utilization, any further increase in the data rate requires a significant augmentation in the received signal power unless the bandwidth is extended in proportion to the incremental data rate. Although many such technologies have achieved tremendous success in today's communication systems, they also lead to severe high-frequency coverage costs, complicated signal processing, high energy consumption, etc. Together with extraordinary promises, naively increasing channel capacity cannot address all communication problems, especially in future intelligent eras. It is the very time for radical rethinking of classical communication mechanisms.",https://doi.org/10.23919/jcc.2024.10606406,direct,指定团队负责人直接署名：Denız Gündüz,Xidian University; Peng Cheng Laboratory; Stanford University; Zhejiang University; Huazhong University of Science and Technology; Tsinghua University; Beijing University of Posts and Telecommunications; Shanghai Jiao Tong University; Imperial College London; Sapienza University of Rome,3,True,OpenAlex metadata; DOI verified in acquisition/validation stage,excluded,综述、教程、愿景或编者按，非正式技术研究论文,,pending,,,0,metadata_screened,
deep-joint-source-and-channel-coding-2025,2025,Deep Joint Source and Channel Coding,Haotian Wu; Chenghong Bian; Shao Yulin; Denız Gündüz,,other,10.1002/9781394247912.ch4,https://openalex.org/W4406697143,"This chapter delves into the transformative potential of deep joint source-channel coding (DeepJSCC) in the realm of semantic communications, challenging the conventional wisdom established by Shannon's separation theorem. DeepJSCC, emerging as a pioneering approach that integrates source compression and error correction into a unified process through deep learning, stands out by allowing end-to-end optimization of the communication system and promises significant improvements in bandwidth efficiency and reliability over traditional coding methods. Exploring the application of DeepJSCC across three canonical channel models – multiple-input and multiple-output (MIMO), relay, and feedback channels – this chapter aims to showcase DeepJSCC's versatility, adaptability, efficiency, and resilience.",https://doi.org/10.1002/9781394247912.ch4,direct,指定团队负责人直接署名：Denız Gündüz,Imperial College London; University of Macau; City University of Macau,1,True,OpenAlex metadata; DOI verified in acquisition/validation stage,excluded,非正式期刊/会议技术论文类型：other,,pending,,,0,metadata_screened,
multimodal-llm-integrated-semantic-communications-for-6g-immersive-experiences-2025,2025,Multimodal LLM Integrated Semantic Communications for 6G Immersive Experiences,Yue Zhang; Yuxuan Sun; Lei Guo; Wei Chen; Bo Ai; Denız Gündüz,arXiv (Cornell University),preprint,,https://openalex.org/W4415347977,"6G networks promise revolutionary immersive communication experiences including augmented reality (AR), virtual reality (VR), and holographic communications. These applications demand high-dimensional multimodal data transmission and intelligent data processing in real-time, which is extremely challenging over resource-limited wireless communication systems. Moreover, a joint understanding of the environment, context, and user intent is essential to deliver task-relevant content effectively. This article presents a novel multimodal large language model (MLLM) integrated semantic communications framework, termed MLLM-SC, which fully leverages reasoning and generative capabilities of pre-trained foundation models for context-aware and task-oriented wireless communication. The MLLM-SC framework adopts a device-edge collaborative architecture. At the edge, MLLM-empowered semantic guidance module analyzes multimodal inputs, user intents, and channel conditions to generate importance-aware attention maps prioritizing semantically critical information. An importance-aware semantic encoder and a resource-adaptive semantic decoder are jointly designed and optimized, which can utilize the semantic guidance for adaptive bandwidth allocation and high-quality content reconstruction or generation. Extensive case studies on visual question answering for AR/VR applications and diffusion-driven image generation validate the effectiveness of MLLM-SC.",http://arxiv.org/abs/2507.04621,direct,指定团队负责人直接署名：Denız Gündüz,,0,True,OpenAlex metadata; DOI verified in acquisition/validation stage,excluded,非正式期刊/会议技术论文类型：preprint,,pending,,,0,metadata_screened,
private-collaborative-edge-inference-via-over-the-air-computation-2025,2025,Private Collaborative Edge Inference via Over-the-Air Computation,Selim F. Yilmaz; Burak Hasırcıoglu; Li Qiao; Denız Gündüz,IEEE Transactions on Machine Learning in Communications and Networking,preprint,10.1109/tmlcn.2025.3526551,https://openalex.org/W4401306392,"We consider collaborative inference at the wireless edge, where each client’s model is trained independently on its local dataset. Clients are queried in parallel to make an accurate decision collaboratively. In addition to maximizing the inference accuracy, we also want to ensure the privacy of local models. To this end, we leverage the superposition property of the multiple access channel to implement bandwidth-efficient multi-user inference methods. We propose different methods for ensemble and multi-view classification that exploit over-the-air computation (OAC). We show that these schemes perform better than their orthogonal counterparts with statistically significant differences while using fewer resources and providing privacy guarantees. We also provide experimental results verifying the benefits of the proposed OAC approach to multi-user inference, and perform an ablation study to demonstrate the effectiveness of our design choices. We share the source code of the framework publicly on Github to facilitate further research and reproducibility.",https://doi.org/10.1109/tmlcn.2025.3526551,direct,指定团队负责人直接署名：Denız Gündüz,Imperial College London; The Alan Turing Institute; Beijing Institute of Technology,5,True,OpenAlex metadata; DOI verified in acquisition/validation stage,excluded,非正式期刊/会议技术论文类型：preprint,,pending,,,0,metadata_screened,
scsc-a-novel-standards-compatible-semantic-communication-framework-for-image-transmission-2025,2025,SCSC: A Novel Standards-Compatible Semantic Communication Framework for Image Transmission,Xue Han; Yongpeng Wu; Z. Gao; Biqian Feng; Yuxuan Shi; Denız Gündüz; Wenjun Zhang,arXiv (Cornell University),preprint,10.48550/arxiv.2501.02738,https://openalex.org/W4406122805,"Joint source-channel coding (JSCC) is a promising paradigm for next-generation communication systems, particularly in challenging transmission environments. In this paper, we propose a novel standard-compatible JSCC framework for the transmission of images over multiple-input multiple-output (MIMO) channels. Different from the existing end-to-end AI-based DeepJSCC schemes, our framework consists of learnable modules that enable communication using conventional separate source and channel codes (SSCC), which makes it amenable for easy deployment on legacy systems. Specifically, the learnable modules involve a preprocessing-empowered network (PPEN) for preserving essential semantic information, and a precoder \&amp; combiner-enhanced network (PCEN) for efficient transmission over a resource-constrained MIMO channel. We treat existing compression and channel coding modules as non-trainable blocks. Since the parameters of these modules are non-differentiable, we employ a proxy network that mimics their operations when training the learnable modules. Numerical results demonstrate that our scheme can save more than 29\% of the channel bandwidth, and requires lower complexity compared to the constrained baselines. We also show its generalization capability to unseen datasets and tasks through extensive experiments.",https://doi.org/10.48550/arxiv.2501.02738,direct,指定团队负责人直接署名：Denız Gündüz,,0,True,OpenAlex metadata; DOI verified in acquisition/validation stage,excluded,非正式期刊/会议技术论文类型：preprint,,pending,,,0,metadata_screened,
semantics-guided-diffusion-for-deep-joint-source-channel-coding-in-wireless-image-transmission-2025,2025,Semantics-Guided Diffusion for Deep Joint Source-Channel Coding in Wireless Image Transmission,"Maojun Zhang; Haotian Wu; Guangxu Zhu; Richeng Jin; Chen, Xiaoming; Denız Gündüz",arXiv (Cornell University),preprint,10.48550/arxiv.2501.01138,https://openalex.org/W4406033057,"Joint source-channel coding (JSCC) offers a promising avenue for enhancing transmission efficiency by jointly incorporating source and channel statistics into the system design. A key advancement in this area is the deep joint source and channel coding (DeepJSCC) technique that designs a direct mapping of input signals to channel symbols parameterized by a neural network, which can be trained for arbitrary channel models and semantic quality metrics. This paper advances the DeepJSCC framework toward a semantics-aligned, high-fidelity transmission approach, called semantics-guided diffusion DeepJSCC (SGD-JSCC). Existing schemes that integrate diffusion models (DMs) with JSCC face challenges in transforming random generation into accurate reconstruction and adapting to varying channel conditions. SGD-JSCC incorporates two key innovations: (1) utilizing some inherent information that contributes to the semantics of an image, such as text description or edge map, to guide the diffusion denoising process; and (2) enabling seamless adaptability to varying channel conditions with the help of a semantics-guided DM for channel denoising. The DM is guided by diverse semantic information and integrates seamlessly with DeepJSCC. In a slow fading channel, SGD-JSCC dynamically adapts to the instantaneous signal-to-noise ratio (SNR) directly estimated from the channel output, thereby eliminating the need for additional pilot transmissions for channel estimation. In a fast fading channel, we introduce a training-free denoising strategy, allowing SGD-JSCC to effectively adjust to fluctuations in channel gains. Numerical results demonstrate that, guided by semantic information and leveraging the powerful DM, our method outperforms existing DeepJSCC schemes, delivering satisfactory reconstruction performance even at extremely poor channel conditions.",https://doi.org/10.48550/arxiv.2501.01138,direct,指定团队负责人直接署名：Denız Gündüz,,0,True,OpenAlex metadata; DOI verified in acquisition/validation stage,excluded,非正式期刊/会议技术论文类型：preprint,,pending,,,0,metadata_screened,
zero-shot-semantic-communication-with-multimodal-foundation-models-2025,2025,Zero-Shot Semantic Communication with Multimodal Foundation Models,Jiangjing Hu; Haotian Wu; Wenjing Zhang; Fengyu Wang; Qiyong Xu; Hui Gao; Denız Gündüz,arXiv (Cornell University),preprint,10.48550/arxiv.2502.18200,https://openalex.org/W4416556129,"Most existing semantic communication (SemCom) systems use deep joint source-channel coding (DeepJSCC) to encode task-specific semantics in a goal-oriented manner. However, their reliance on predefined tasks and datasets significantly limits their flexibility and generalizability in practical deployments. Multi-modal foundation models provide a promising solution by generating universal semantic tokens. Inspired by this, we introduce SemCLIP, a zero-shot SemCom framework leveraging the contrastive language-image pre-training (CLIP) model. By transmitting CLIP-generated image tokens instead of raw images, SemCLIP enables efficient SemCom under low bandwidth and challenging channel conditions, facilitating diverse downstream tasks and zero-shot applications. Specifically, we propose a DeepJSCC scheme for efficient CLIP token encoding. To mitigate potential degradation caused by compression and channel noise, a multi-modal transmission-aware prompt learning mechanism is designed at the receiver, which adapts prompts based on transmission quality, enhancing system robustness and channel adaptability. Simulation results demonstrate that SemCLIP outperforms the baselines, achieving a $41\%$ improvement in zero-shot performance at low signal-to-noise ratios. Meanwhile, SemCLIP reduces bandwidth usage by more than $50$-fold compared to alternative image transmission methods, demonstrating the potential of foundation models towards a generalized, task-agnostic SemCom solution.",https://doi.org/10.48550/arxiv.2502.18200,direct,指定团队负责人直接署名：Denız Gündüz,,0,True,OpenAlex metadata; DOI verified in acquisition/validation stage,excluded,非正式期刊/会议技术论文类型：preprint,,pending,,,0,metadata_screened,
airnet-neural-network-transmission-over-the-air-2022,2022,AirNet: Neural Network Transmission over the Air,Mikołaj Jankowski; Denız Gündüz; Krystian Mikolajczyk,2022 IEEE International Symposium on Information Theory (ISIT),article,10.1109/isit50566.2022.9834372,https://openalex.org/W3165283727,"State-of-the-art performance for many emerging edge applications is achieved by deep neural networks (DNNs). Often, the employed DNNs are location- and time-dependent, and the parameters of a specific DNN must be delivered from an edge server to the edge device rapidly and efficiently to carry out time-sensitive inference tasks. This can be considered as a joint source-channel coding (JSCC) problem, in which the goal is not to recover the DNN coefficients with the minimal distortion, but in a manner that provides the highest accuracy in the downstream task. For this purpose we introduce AirNet, a novel training and analog transmission method to deliver DNNs over the air. We first train the DNN with noise injection to counter the wireless channel noise. We also employ pruning to identify the most significant DNN parameters that can be delivered within the available channel bandwidth, knowledge distillation, and nonlinear bandwidth expansion to provide better error protection for the most important network parameters. We show that AirNet achieves significantly higher test accuracy compared to the separation-based alternative, and exhibits graceful degradation with channel quality.",https://doi.org/10.1109/isit50566.2022.9834372,direct,指定团队负责人直接署名：Denız Gündüz,Imperial College London,18,True,OpenAlex metadata; DOI verified in acquisition/validation stage,excluded_after_fulltext_review,"存在同团队、同方法家族且作者高度重合的正式期刊扩展版；按既定口径由期刊版取代：AirNet: Neural Network Transmission Over the Air (IEEE TWC, 2024)",papers/2022_Jankowski_AirNet_Neural_Network_Transmission_over_the_Air.pdf,downloaded,reused local corpus: deniz-gunduz-semantic-communications\papers\2024_Jankowski_AirNet_Neural_Network_Transmission_Over_the_Air.pdf,49c72f5302ba71e853a67cfa9f30e1df8383bf25027a63b6f938bb72024c3bf2,30,fulltext_screened_out,
deep-learning-aided-wireless-video-transmission-2022,2022,Deep-Learning-Aided Wireless Video Transmission,Tze-Yang Tung; Denız Gündüz,2022 IEEE 23rd International Workshop on Signal Processing Advances in Wireless Communication (SPAWC),article,10.1109/spawc51304.2022.9833990,https://openalex.org/W4288388820,"We present DeepWiVe, the first-ever end-to-end joint source-channel coding (JSCC) video transmission scheme that leverages the power of deep neural networks (DNNs) to directly map video signals to channel symbols, combining video compression, channel coding, and modulation steps into a single neural transform. Our DNN decoder predicts residuals without distortion feedback, which improves video quality by accounting for occlusion/disocclusion and camera movements. We simultaneously train different bandwidth allocation networks for the frames to allow variable bandwidth transmission. Then, we train a bandwidth allocation network using reinforcement learning (RL) that optimizes the allocation of limited available channel bandwidth among video frames to maximize overall visual quality. Our results show that DeepWiVe can overcome the cliff-effect, which is prevalent in conventional separation-based digital communication schemes, and achieve graceful degradation with the mismatch between the estimated and actual channel qualities. DeepWiVe outperforms H.264 video compression followed by low-density parity check (LDPC) codes in all channel conditions by up to 0.0485 on average in terms of the multi-scale structural similarity index measure (MS-SSIM).",https://doi.org/10.1109/spawc51304.2022.9833990,direct,指定团队负责人直接署名：Denız Gündüz,Imperial College London; University of Modena and Reggio Emilia; Ferrari (Italy),11,True,OpenAlex metadata; DOI verified in acquisition/validation stage,excluded_after_fulltext_review,"存在同团队、同方法家族且作者高度重合的正式期刊扩展版；按既定口径由期刊版取代：DeepWiVe: Deep-Learning-Aided Wireless Video Transmission (IEEE JSAC, 2022)",papers/2022_Tung_Deep_Learning_Aided_Wireless_Video_Transmission.pdf,downloaded,reused local corpus: kai-niu-semantic-communications\papers\Deep-Learning-Aided_Wireless_Video_Transmission.pdf,b8f9c8b4a4d9e1483262a1e612445b87659ab29230ad5ea1c8a16be3d6c9c3fe,5,fulltext_screened_out,
deepjscc-q-channel-input-constrained-deep-joint-source-channel-coding-2022,2022,DeepJSCC-Q: Channel Input Constrained Deep Joint Source-Channel Coding,Tze-Yang Tung; David Burth Kurka; Mikołaj Jankowski; Denız Gündüz,ICC 2022 - IEEE International Conference on Communications,article,10.1109/icc45855.2022.9838671,https://openalex.org/W3215645731,"Recent works have shown that the task of wireless transmission of images can be learned with the use of machine learning techniques. Very promising results in end-to-end image quality, superior to popular digital schemes that utilize source and channel coding separation, have been demonstrated through the training of an autoencoder, with a non-trainable channel layer in the middle. However, these methods assume that any complex value can be transmitted over the channel, which can prevent the application of the algorithm in scenarios where the hardware or protocol can only admit certain sets of channel inputs, such as the use of a digital constellation. Herein, we propose DeepJSCC-Q, an end-to-end optimized joint source-channel coding scheme for wireless image transmission, which is able to operate with a fixed channel input alphabet. We show that DeepJSCC-Q can achieve similar performance to models that use continuous-valued channel input. Importantly, it preserves the graceful degradation of image quality observed in prior work when channel conditions worsen, making DeepJSCC-Q much more attractive for deployment in practical systems.",https://doi.org/10.1109/icc45855.2022.9838671,direct,指定团队负责人直接署名：Denız Gündüz,Imperial College London,35,True,OpenAlex metadata; DOI verified in acquisition/validation stage,excluded_after_fulltext_review,"存在同团队、同方法家族且作者高度重合的正式期刊扩展版；按既定口径由期刊版取代：DeepJSCC-Q: Constellation Constrained Deep Joint Source-Channel Coding (IEEE JSAIT, 2022)",papers/2022_Tung_DeepJSCC_Q_Channel_Input_Constrained_Deep_Joint_Source_Channel_Coding.pdf,downloaded,reused local corpus: digital-semantic-communications\papers\DeepJSCC-Q_Channel_Input_Constrained_Deep_Joint_Source-Channel_Coding.pdf,591f8bed2732cddebc971d257b500ae89b0353153659fe4822fad929c5a3034e,6,fulltext_screened_out,
progressive-transmission-of-high-dimensional-data-features-for-inference-at-the-network-edge-2022,2022,Progressive Transmission of High-Dimensional Data Features for Inference at the Network Edge,Qiao Lan; Qunsong Zeng; Petar Popovski; Denız Gündüz; Kaibin Huang,2022 IEEE 23rd International Workshop on Signal Processing Advances in Wireless Communication (SPAWC),article,10.1109/spawc51304.2022.9834000,https://openalex.org/W4288388814,"Uploading high-dimensional features from edge devices to an edge server over wireless channels creates a communication bottleneck for edge inference. To tackle the challenge, we propose the progressive feature transmission (ProgressFTX) protocol, which minimizes the overhead by progressively transmitting features until a target confidence level is reached. The control of the protocol to accelerate inference is designed with two key operations. The first, importance-aware feature selection, guides the server to select the most discriminative feature dimensions. The second is transmission-termination control such that the feature transmission is stopped when the incremental uncertainty reduction by further transmission is outweighed by its communication cost. The indices of the selected features and transmission decision are fed back to the device in each slot. The sub-optimal policy is obtained for classification using a convolutional neural network. Experimental results on a real-world dataset shows that ProgressFTX can substantially reduce the communication latency compared to conventional feature pruning and random feature transmission.",https://doi.org/10.1109/spawc51304.2022.9834000,direct,指定团队负责人直接署名：Denız Gündüz,University of Hong Kong; Aalborg University; Imperial College London,0,True,OpenAlex metadata; DOI verified in acquisition/validation stage,excluded_after_fulltext_review,"存在同团队、同方法家族且作者高度重合的正式期刊扩展版；按既定口径由期刊版取代：Progressive Feature Transmission for Split Classification at the Wireless Edge (IEEE TWC, 2022)",papers/2022_Lan_Progressive_Transmission_of_High_Dimensional_Data_Features_for_Inference_at_the_Network_Ed.pdf,downloaded,reused local corpus: kai-niu-semantic-communications\papers\Progressive_Transmission_of_High-Dimensional_Data_Features_for_Inference_at_the_Network_Edge.pdf,77fbbcb0339d84e23e45c1468e232b8e83df2cf8f97be17989d95a15bcf21aa9,5,fulltext_screened_out,
transformer-empowered-6g-intelligent-networks-from-massive-mimo-processing-to-semantic-communication-2022,2022,Transformer-Empowered 6G Intelligent Networks: From Massive MIMO Processing to Semantic Communication,Yang Wang; Zhen Gao; Dezhi Zheng; Sheng Chen; Denız Gündüz; H. Vincent Poor,IEEE Wireless Communications,article,10.1109/mwc.008.2200157,https://openalex.org/W4312557000,"It is anticipated that 6G wireless networks will accelerate the convergence of the physical and cyber worlds and enable a paradigm-shift in the way we deploy and exploit communication networks. Machine learning - in particular deep learning (DL) - is expected to be one of the key technological enablers of 6G by offering a new paradigm for the design and optimization of networks with a high level of intelligence. In this article, we introduce an emerging DL architecture, known as the transformer, and discuss its potential impact on 6G network design. We first discuss the differences between the transformer and classical DL architectures, and emphasize the transformer's self-attention mechanism and strong representation capabilities, which make it particularly appealing for tackling various challenges in wireless network design. Specifically, we propose transformer-based solutions for various massive multiple-input multiple-output (MIMO) and semantic communication problems, and show their superiority compared to other architectures. Finally, we discuss key challenges and open issues in transformer-based solutions, and identify future research directions for their deployment in intelligent 6G networks.",https://doi.org/10.1109/mwc.008.2200157,direct,指定团队负责人直接署名：Denız Gündüz,Beijing Institute of Technology; University of Southampton; Imperial College London; Princeton University,137,True,OpenAlex metadata; DOI verified in acquisition/validation stage,excluded_after_fulltext_review,全文属于综述、愿景、教程、项目/范式说明或挑战讨论，缺少本次口径要求的独立技术方法与可核验实验；转入背景清单,papers/2022_Wang_Transformer_Empowered_6G_Intelligent_Networks_From_Massive_MIMO_Processing_to_Semantic_Com.pdf,downloaded,https://eprints.soton.ac.uk/472109/1/WCM_2022_Oct_accepted.pdf,4127dfcfdc426bade6f5a725caf731380792205d4e08d80acb269a5f79d49b15,8,fulltext_screened_out,
deep-joint-source-channel-coding-for-semantic-communications-2023,2023,Deep Joint Source-Channel Coding for Semantic Communications,Jialong Xu; Tze-Yang Tung; Bo Ai; Wei Chen; Yuxuan Sun; Denız Gündüz,IEEE Communications Magazine,article,10.1109/mcom.004.2200819,https://openalex.org/W4388937137,"Semantic communications is considered a promising technology that will increase the efficiency of next-generation communication systems, particularly human-machine and machine-type communications. In contrast to the source-agnostic approach of conventional wireless communication systems, semantic communications seek to ensure that only relevant information for the underlying task is communicated to the receiver. Considering most semantic communication applications have strict latency, bandwidth, and power constraints, a prominent approach is to model them as a joint source-channel coding (JSCC) problem. Although JSCC has been a long-standing open problem in communication and coding theory, remarkable performance gains have been made recently over existing separate source and channel coding systems, particularly in low-la-tency and low-power scenarios. Recent progress has been made thanks to the adoption of deep learning techniques for joint source-channel code design that outperform the concatenation of state-of-the-art compression and channel coding schemes, which are the result of decades-long research efforts. In this article, we present an adaptive deep learning based JSCC (DeepJSCC) architecture for semantic communications, introduce its design principles, highlight its benefits, and outline future research challenges that lie ahead.",https://doi.org/10.1109/mcom.004.2200819,direct,指定团队负责人直接署名：Denız Gündüz,Beijing Jiaotong University; Imperial College London; Zhengzhou University,114,True,OpenAlex metadata; DOI verified in acquisition/validation stage,excluded_after_fulltext_review,全文属于综述、愿景、教程、项目/范式说明或挑战讨论，缺少本次口径要求的独立技术方法与可核验实验；转入背景清单,papers/2023_Xu_Deep_Joint_Source_Channel_Coding_for_Semantic_Communications.pdf,downloaded,reused local corpus: controllable-semantic-communications\papers\2025_DD_JSCC_Dynamic_Deep_JSCC.pdf,e89cafc59648cca594fd9761306b3337a91c0357a621d0c8990fd9879ddf94f3,6,fulltext_screened_out,
a-hybrid-joint-source-channel-coding-scheme-for-mobile-multi-hop-networks-2024,2024,A Hybrid Joint Source-Channel Coding Scheme for Mobile Multi-Hop Networks,Chenghong Bian; Yulin Shao; Denız Gündüz,,article,10.1109/icc51166.2024.10622359,https://openalex.org/W4402156844,"We propose a novel hybrid joint source-channel coding (JSCC) scheme for robust image transmission over multihop networks. In the considered scenario, a mobile user wants to deliver an image to its destination over a mobile cellular network. We assume a practical setting, where the links between the nodes belonging to the mobile core network are stable and of high quality, while the link between the mobile user and the first node (e.g., the access point) is potentially time-varying with poorer quality. In recent years, neural network based JSCC schemes (called DeepJSCC) have emerged as promising solutions to overcome the limitations of separation-based fully digital schemes. However, relying on analog transmission, DeepJSCC suffers from noise accumulation over multi-hop networks. Moreover, most of the hops within the mobile core network may be high-capacity wireless connections, calling for digital approaches. To this end, we propose a hybrid solution, where DeepJSCC is adopted for the first hop, while the received signal at the first relay is digitally compressed and forwarded through the mobile core network. We show through numerical simulations that the proposed scheme is able to outperform both the fully analog and fully digital schemes. Thanks to DeepJSCC it can avoid the cliff effect over the first hop, while also avoiding noise forwarding over the mobile core network thank to digital transmission. We believe this work paves the way for the practical deployment of DeepJSCC solutions in 6G and future wireless networks.",https://doi.org/10.1109/icc51166.2024.10622359,direct,指定团队负责人直接署名：Denız Gündüz,Imperial College London,6,True,OpenAlex metadata; DOI verified in acquisition/validation stage,excluded_after_fulltext_review,"存在同团队、同方法家族且作者高度重合的正式期刊扩展版；按既定口径由期刊版取代：A Deep Joint Source-Channel Coding Scheme for Hybrid Mobile Multi-Hop Networks (IEEE JSAC, 2025)",papers/2024_Bian_A_Hybrid_Joint_Source_Channel_Coding_Scheme_for_Mobile_Multi_Hop_Networks.pdf,downloaded,https://arxiv.org/pdf/2311.07028,6c8b14e11cdee9ab1be2eac95951ec50392c0a5ee12ca3319616525082063a42,6,fulltext_screened_out,
deep-joint-source-channel-coding-over-the-relay-channel-2024,2024,Deep Joint Source-Channel Coding Over the Relay Channel,Chenghong Bian; Yulin Shao; Haotian Wu; Denız Gündüz,,article,10.1109/icmlcn59089.2024.10624800,https://openalex.org/W4401610441,"This paper presents a novel deep joint source-channel coding (DeepJSCC) scheme for image transmission over a half-duplex cooperative relay channel. Specifically, we apply DeepJSCC to two basic modes of cooperative communications, namely amplify-and-forward (AF) and decode-and-forward (DF). In DeepJSCC-AF, the relay simply amplifies and forwards its received signal. In DeepJSCC-DF, on the other hand, the relay first reconstructs the transmitted image and then re-encodes it before forwarding. Considering the excessive computation overhead of DeepJSCC-DF for recovering the image at the relay, we propose an alternative scheme, called DeepJSCC-PF, in which the relay processes and forwards its received signal without necessarily recovering the image. Simulation results show that the proposed DeepJSCC-AF, DF, and PF schemes are superior to the digital baselines with BPG compression with polar codes and provide a graceful performance degradation with deteriorating channel quality. Further investigation shows that the PSNR gain of DeepJSCC-DF/PF over DeepJSCC-AF improves as the channel condition between the source and relay improves. Moreover, the DeepJSCC-PF scheme achieves similar performance to DeepJSCC-DF with lower computational complexity.",https://doi.org/10.1109/icmlcn59089.2024.10624800,direct,指定团队负责人直接署名：Denız Gündüz,Imperial College London; University of Macau; City University of Macau,8,True,OpenAlex metadata; DOI verified in acquisition/validation stage,excluded_after_fulltext_review,"存在同团队、同方法家族且作者高度重合的正式期刊扩展版；按既定口径由期刊版取代：Process-and-Forward: Deep Joint Source-Channel Coding Over Cooperative Relay Networks (IEEE JSAC, 2025)",papers/2024_Bian_Deep_Joint_Source_Channel_Coding_Over_the_Relay_Channel.pdf,downloaded,https://arxiv.org/pdf/2211.06705,00f234cd62fc53bf2b58c773d80f732c1d35124dbb167a60753d5e6fa9a21f92,6,fulltext_screened_out,
goal-oriented-and-semantic-communication-in-6g-ai-native-networks-the-6g-goals-approach-2024,2024,Goal-Oriented and Semantic Communication in 6G AI-Native Networks: The 6G-GOALS Approach,Emilio Calvanese Strinati; Paolo Di Lorenzo; Vincenzo Sciancalepore; Adnan Aijaz; Marios Kountouris; Denız Gündüz; Petar Popovski; Mohamed Sana; Photios A. Stavrou; Beatriz Soret; Nicola Cordeschi; Simone Scardapane; Mattia Merluzzi; Lanfranco Zanzi; Mauro Boldi Renato; Tony Q. S. Quek; Nicola di Pietro; Olivier Forceville; Francesca Costanzo; Peizheng Li,,article,10.1109/eucnc/6gsummit60053.2024.10597087,https://openalex.org/W4400811084,"Recent advances in AI technologies have notably expanded device intelligence, fostering federation and cooperation among distributed AI agents. These advancements impose new requirements on future 6G mobile network architectures. To meet these demands, it is essential to transcend classical boundaries and integrate communication, computation, control, and intelligence. This paper presents the 6G-GOALS approach to goal-oriented and semantic communications for AI-Native 6G Networks. The proposed approach incorporates semantic, pragmatic, and goal-oriented communication into AI-native technologies, aiming to facilitate information exchange between intelligent agents in a more relevant, effective, and timely manner, thereby optimizing bandwidth, latency, energy, and electromagnetic field (EMF) radiation. The focus is on distilling data to its most relevant form and terse representation, aligning with the source’s intent or the destination’s objectives and context, or serving a specific goal. 6G-GOALS builds on three fundamental pillars: i) AI-enhanced semantic data representation, sensing, compression, and communication, ii) foundational AI reasoning and causal semantic data representation, contextual relevance, and value for goal-oriented effectiveness, and iii) sustainability enabled by more efficient wireless services. Finally, we illustrate two proof-of-concepts implementing semantic, goal-oriented, and pragmatic communication principles in near-future use cases. Our study covers the project’s vision, methodologies, and potential impact.",https://doi.org/10.1109/eucnc/6gsummit60053.2024.10597087,direct,指定团队负责人直接署名：Denız Gündüz,Commissariat à l'Énergie Atomique et aux Énergies Alternatives; Laboratoire d'Électronique des Technologies de l'Information; Consorzio Nazionale Interuniversitario per le Telecomunicazioni; Toshiba (United Kingdom); EURECOM; Imperial College London; Aalborg University; Singapore University of Technology and Design; Hewlett-Packard (Italy); Hewlett-Packard (France),77,True,OpenAlex metadata; DOI verified in acquisition/validation stage,excluded_after_fulltext_review,全文属于综述、愿景、教程、项目/范式说明或挑战讨论，缺少本次口径要求的独立技术方法与可核验实验；转入背景清单,papers/2024_Strinati_Goal_Oriented_and_Semantic_Communication_in_6G_AI_Native_Networks_The_6G_GOALS_Approach.pdf,downloaded,https://arxiv.org/pdf/2402.07573,3b7fb9e8ee11c8fbaf2622cff9ba8b97b060e4b7c0a5c5a9e98bcb06ba74e7ba,6,fulltext_screened_out,
